美股大漲逾9% 道指飆升近2000點,2020-03-14,"        台北時間14日凌晨，美股週五大幅收高逾9%，主要股指尾盤強勢拉升，道指飆升近2000點。三大股指均錄得2008年金融危機以來的最大單日漲幅。市場仍在密切關注疫情發展及各國的應對措施。美國總統川普宣布“國家緊急狀態”以應對疫情。加拿大央行緊急降息。分析師警告稱，全球市場本週慘遭血洗後，近期仍將維持動盪局面。　　道指收盤上漲1985.00點，或9.36%，報23185.62點；納指漲672.43點，或9.34%，報7874.23點；標普500指數漲230.31點，或9.28%，報2710.95點。　　週五美股大幅收高，盤中繼續維持近來的大幅震盪局面。美股週五高開1300多點，隨後寬幅震盪。在美國總統川普宣布“國家緊急狀態”以釋放抗疫資金、並將採取一些強力抗疫措施後，美股尾盤強勁拉升並最終收高。　　儘管美股週五大幅收高，但本週主要股指仍錄得巨大跌幅：道指本週下跌10.37%，標普500指數下跌8.78%，納指下跌8.18%。　　週四美股遭受了1987年10月19日“黑色星期一”大崩盤以來最大的單日暴跌，三大股指均跌入熊市。　　對新冠肺炎疫情蔓延的擔憂，令美股市場持續動盪。本週5個交易日內，標普500指數的每日漲跌幅度都在4.89%以上。該指數本週兩次（週一和周四）在開盤數分鐘後重挫7%，觸發熔斷機制，使當天美股各暫停交易15分鐘。新冠肺炎疫情蔓延引發擔憂　　據約翰-霍普金斯大學的數據顯示，截至週五，全球確診的新冠肺炎病例數上升至135000例，死亡4900多例。韓國意大利伊朗累計確診總和超3萬人。　　世界衛生組織（WHO）總幹事譚德塞週五表示，截至週五，中國以外新冠肺炎確診病例達51767例，歐洲現在已成為新冠肺炎全球疫情最嚴重地區，現在每日新增病例比中國疫情最嚴重時還要多。他呼籲各國“須全面採取措施”，檢測、追踪、隔離等一個都不能少。　　世衛組織在本週早些時候宣布，席捲全球的冠狀病毒引發的病毒性肺炎是一種大流行病，即“新疾病的全球傳播”。世衛組織表示，對於達到“大流行”水平與否，尚無嚴格定義，也沒有觸發該定義的病例或死亡閾值。也就是說，“大流行”所指的不是疾病的嚴重性，而是疾病傳播的廣泛程度。　　新冠肺炎疫情已導致全球大範圍內的重大體育賽事、文化活動及企業會議紛紛被取消，並迫使美國各地多所大學停止當面授課。週四，紐約州州長安德魯-科莫（Andrew Cuomo）宣布禁止在該州舉行500人以上的公開集會，該禁令從周五零時開始生效。川普宣布美國進入國家緊急狀態　　美國總統川普13日宣布“國家緊急狀態”以應對新冠肺炎疫情。川普表示，宣布進入緊急狀態將能釋放500億美元聯邦緊急資金，用於全美抗疫。他還表示將免除所有聯邦學生貸款的利息。　　他還稱，已經採取新措施應對新冠病毒，並表示新冠病毒肺炎疫情“會過去的”。川普命令美國50個州立即設立應對新冠病毒的緊急行動中心，並啟動應急計劃。　　川普稱，下週將提供多達50萬份新冠病毒測試盒，同時還將有數百萬份新冠病毒測試緊隨其後。         衛生部將可免除部分醫療保健設備提供商的許可要求。與包括紐約州在內的多州政府進行合作。他表示，政府正在與私營領域企業合作進行檢測，不希望每個人都跑出去急著進行檢測。從下周初開始，預計能額外進行50萬份檢測。谷歌(1219.73, 104.82, 9.40%)正在幫助美國政府開發用於病毒檢測的網站。　　談到最近油價暴跌以及美國的原油問題，川普稱美國將購買“大量”原油用於用作戰略儲備，他要把美國的戰略石油儲備（SPR）“填滿”。美國應對疫情紓困計劃有望取得進展　　面對新冠肺炎疫情引起的重大擔憂，本週內決策者們普遍加大了反應力度。美國眾議院議長佩洛西周五表示，就冠狀病毒疫情援助計劃，她和川普政府已接近達成一致。該計劃將包括病假工資、免費檢測和其他一些措施。　　佩洛西還稱，眾議院將很快通過一項優先幫助美國家庭的“應對新冠肺炎疫情法案”。佩洛西強調，該法案將保證每個美國公民免費接受新冠病毒檢測，同時保證為所有受新冠肺炎疫情影響的人提供兩週帶薪病假。但美國財長姆努欽向共和黨眾議員表示，不推薦他們投票支持民主黨的應對病毒法案。姆努欽表示，希望繼續就眾議院法案進行磋商。　　此外，為應對病毒疫情、安撫市場恐慌情緒，紐約聯儲宣布從周五開始收購各種到期期限的國債。　　在周五的公告中，紐約聯儲詳細列出了將從周五開始購買的國債清單。此舉是為了響應市場的需求，即美聯儲在市場異常動盪時期立即採取行動平息債券收益率的下跌趨勢。在流動性擔憂加劇的情況下，近來各類國債收益率均跌至歷史低點。　　紐約聯儲在聲明中表示：“購買國債的這些行動，旨在解決冠狀病毒爆發造成的國債市場高度不正常的擾動。”　　美聯儲在上周宣布緊急降息50個基點後，週四又宣布追加註資總計1.5萬億美元的流動性操作。　　美國總統川普也宣布針對來自歐洲的入境旅客實行為期一個月的旅行禁令，並表示將向受到冠狀病毒疫情打擊的中小型企業提供價值500億美元的低息貸款，並建議將4月15日的報稅截止日期先後推延。　　川普週五再度向美聯儲施壓，敦促其繼續降息。他表示，美聯儲最終必須把利率降至與其他央行相當的水平。各國紛紛推出應對疫情措施　　在佩洛西轉而支持應對疫情紓困計劃的同時，從美國到澳大利亞的央行都在大張旗鼓地向金融市場注入大量流動性，投資者對美國民主黨和共和黨可以在周五通過刺激方案抱有希望。分析師認為，雖然美國政府行動可能稍有點晚，但仍然受到市場的熱烈歡迎。　　加拿大央行週五宣布緊急降息，將關鍵隔夜利率降低50個基點至0.75%。加央行稱，只要符合支撐經濟和保持通脹的目標，央行準備好進一步調整貨幣政策。病毒疫情大流行和近期油價暴跌對加拿大經濟造成負面衝擊，央行降息是前瞻性措施。　　加央行行長波洛茲表示，加拿大央行準備“不惜一切代價”支撐經濟。油價下跌出現持續性跡象。對油價的擔憂促使加拿大央行再次採取行動。波洛茲表示“不是很喜歡負利率的想法，”他認為加拿大有應對病毒疫情的財政空間。　　加拿大財長莫諾也表示，加拿大“準備好採取超常規措施”以應對新冠病毒爆發。加拿大政府將繼續制定計劃，“回應措施將是迅速的”。　　加拿大總理特魯多宣布，加拿大政府將推出一些重要的刺激措施提振經濟。他還重申了交通部長加爾諾此前宣布的減少國際旅客入境口岸、強化檢測措施的決定，呼籲加拿大人取消或推遲出國旅行。　　德國聯邦政府目前正計劃採取更多措施，以消減不斷擴散的疫情對企業造成的經濟後果。當地時間13日，德國聯邦財政部長肖爾茨宣布，政府將通過不設上限的貸款計劃全力支持企業渡過疫情難關。肖爾茨表示，德國將花費數十億歐元來應對經濟衝擊。　　中國央行週五宣布，3月16日定向降準，釋放長期資金5500億元。對此，有關負責人表示：此次定向降準兼顧主動推動和事後激勵，用市場化改革辦法疏通貨幣政策傳導，有利於激發市場主體活力，進一步發揮市場在資源配置中的決定性作用，支​​持實體經濟發展。　　Capitol Securities Management公司首席經濟策略師Kent Engelke表示：“現在市場上最大的問題不是病毒疫情，而是新出現的流動性危機。坦白的說，它很可怕，確實擊潰了投資者對市場的信心。 ”巴西總統——全球首位感染新冠肺炎病毒的國家首腦？　　據外媒報導，巴西總統博索納羅確診感染新冠肺炎病毒，系全球首位感染該病毒的國家首腦。英國《鏡報》報導稱，巴西總統博索納羅的新冠病毒檢測呈陽性，他成為全球首位被確診患新冠肺炎的國家首腦。　　博索納羅及其子均否認上述報導，斥之為“假新聞”。但美國Fox新聞網、英國《衛報》及《今日俄羅斯》等媒體均報導稱可以證實其確診感染新冠肺炎病毒的消息。　　另據美國廣播公司12日報導，巴西總統府當天宣布其媒體事務部門負責人法比奧-瓦恩加滕新冠病毒檢測呈陽性。他曾隨博索納羅赴美，並和川普合影。　　而據邁阿密先驅報報導，邁阿密市長弗朗西斯-蘇亞雷斯（Francis Suarez）在參加跟巴西總統博索納羅一行人的活動後，確診新冠肺炎，目前正在進行自我隔離。　　巴西總統病毒檢測呈陽性的消息傳出後，一批白宮官員被召到白宮辦公廳主任辦公室召開緊急會議。大摩經濟學家下調全球GDP預期料美歐上半年陷入萎縮　　日益嚴峻的新冠肺炎疫情還促使越來越多的經濟學家下調了他們對今年上半年全球經濟增長的預期。　　以Bruce Kasman為首的JP摩根經濟學家週四晚間表示：“在這種背景下，我們繼續大幅削減2020年上半年的全球GDP（國內生產總值）增長預測。預計第一季度全球GDP將下降1.4%，第二季度出現反彈並增長1.8%。但是，我們修正後的最新預測顯示，今年前兩個季度，美國和歐元區的經濟將會大幅萎縮——預計美國的萎縮幅度為2%和3%，歐元區的經濟將分別萎縮1.8%和3.3%。”　　而研究機構Capital Economics的一份報告稱，制止冠狀病毒傳播的措施可能迫使美國經濟在第二季度收縮驚人的4%，使經濟陷入衰退。　　一位歐盟官員周五稱，受疫情影響，歐盟和歐元區經濟增速可能下跌至0%以下。預計2020年歐盟GDP增速將萎縮1%左右，當前預計歐元區和歐盟今年經濟將陷入衰退。焦點個股        施樂(23.96, 0.06, 0.25%)公司週五宣佈，鑒於新冠病毒疫情日益升級，公司決定暫時停止收購惠普(17.18, -0.33, -1.88%)相關事宜，包括會見惠普股東、接受媒體採訪等。　　甲骨文(47.93, 8.13, 20.43%)第三季度營收好於預期。　　Adobe(335.5, 50.50, 17.72%)第一財季營收創紀錄。　　Slack(19.59, -1.76, -8.24%)第一季度營收預期不及市場預期。　　摩根大通(103.91, 15.86, 18.01%)股價攀升，此前中國證監會明確取消證券公司外資股比限制。　　獨立研究機構將谷歌A評級從持有上調至買入，目標價維持1520美元。　　德銀將耐克(75.58, 1.38, 1.86%)目標價從120美元下調至80美元。其他市場　　週五亞洲股市大幅下挫，日本日經225指數收跌6.1%。韓國Kospi指數收跌3.4%。　　週五，歐洲主要股指多數收漲。德國DAX指數收漲0.83%，意大利富時指數收漲超6%，西班牙IBEX35指數漲近4.5%，英國富時100指數漲2.62%，歐洲斯托克50指數、法國CAC40指數漲超1%。　　紐約商品交易所4月交割的黃金期貨價格下跌73.60美元，跌幅4.6%，收於1516.70美元/盎司，創今年最低收盤價。　　按照最活躍合約計算，本週黃金期貨價格下跌了9.3%，為2011年9月23日當週以來的最大周跌幅。　　5月白銀期貨價格下跌1.505美元，跌幅9.4%，收於14.50美元/盎司，創去年5月份以來的最低收盤價。本週白銀期貨價格累計下跌16%。　　紐約商品交易所4月交割的西德州中質原油（WTI）期貨價格上漲23美分，漲幅0.7%，收於31.73美元/桶。本週WTI期貨累計下跌23%。        倫敦洲際交易所(83.12, 7.51, 9.93%)5月布倫特原油合約收漲63美分，漲幅1.9%，收於33.85美元/桶。　　昨日油價暴跌。歐佩克預計，世界石油消費量將在2020年下半年開始恢復。由于冠狀病毒在全球蔓延，導致全球經濟增長放緩，由此，歐佩克將其對2020年石油需求增長的預測從每天92萬桶下調至6萬桶。新聞來源: 新浪財經 責任編輯：張俊SF065"
中國網軍散播武漢肺炎假消息，Facebook 下架逾 60 個帳號,2020-03-13,Facebook 近期發現中國網軍向台灣民眾散播有關武漢肺炎疫情的假消息，已在上週下架超過 60 個帳號，且中國網軍手法越來越難察覺，民眾需謹慎判斷真假。熟悉社群平台運作的人士向《中央社》記者透露，Facebook 上週下架的 60 幾個帳號，都是惡意針對台灣民眾散播虛假資訊，包括製造假公文和傳播有關政府的謠言，內容都與武漢肺炎（2019 冠狀病毒疾病）有關，目的很明確是為了製造社會恐慌，讓台灣政府背鍋。消息來源指出，這是自武漢肺炎疫情爆發以來，Facebook 在台灣的網路環境上，首次針對虛假資訊採取較大規模的帳號下架行動。這些網軍帳號大部分擁有繁體中文姓名，假裝是台灣人使用，但 Facebook 會根據帳號創建時間、IP等資訊辨別是否為台灣人帳號。目前不確定這些網軍帳號，是否與中國政府直接有關。業內人士觀察，從這次事件可以發現，中國網軍操縱社群媒體輿論的手法變得越來越難察覺，之前的方法是成立社團或粉絲專頁發送假訊息，現在則是利用網軍帳號到不同的粉絲專頁去留言，隱蔽性更高。若進一步比較分析，以往如果針對選舉釋放假消息，可能是為了讓特定候選人得利的政治目的；但這次中國網軍利用武漢肺炎這樣的公共衛生危機來製造恐慌，其實相當惡劣，民眾在網路或社群平台上接收資訊時，需要更謹慎判斷真假。模式改變，更難判斷Facebook 在台灣透過多個管道獲得有關虛假資訊和網軍帳號的情資，包括台灣事實查核中心在審核假新聞時，如果發現任何異常，都會提供相關資訊給 Facebook。國家通訊傳播委員會（NCC）於12日邀請社群平台業者召開的會議中，Facebook 也分享有關這次刪除特別針對武漢肺炎虛假資訊的網軍帳號經驗。專門研究中共對台資訊戰的台北大學犯罪學研究所助理教授沈伯洋向《中央社》記者表示，昨天參加 NCC 會議有聽到 Facebook 分享下架 60 幾個網軍帳號。以往中國網軍很多是愛國主義者或小粉紅（傾向民族主義的中國網友），特色是會到處留言或發文，但是發文狀況不穩定，共通點是傾向集體行動。沈伯洋共同創辦的台灣民主實驗室觀察被 Facebook 下架的網軍帳號發現，這次網軍會先在其他平台討論，再到 Facebook 留言發動攻擊，與以往都在 Facebook 上討論及留言的模式不同，因此 Facebook 更難判斷是否有集體行動。沈伯洋說，對於武漢肺炎疫情議題，中國官媒還是在做「外圈活動」，大約 1 月開始告訴大家肺炎不嚴重，第二波在 2 月初主打別的國家隱匿疫情、比中國更嚴重；等到 2 月中旬開始主打中國的溫情小故事，藉此掩蓋疫情的嚴重性；最近發現別的國家疫情爆發，則主打別的國家疫情更嚴重，中國其實是受害者。反而台灣比較難打，因為台灣防疫做得比較好。沈伯洋指出，有些網軍帳號在去年選舉期間就很活躍，從去年 11 月以來一直到現在，攻擊模式不斷改變，就算這些帳號被刪除，要再複製也很簡單，更重要的是沒辦法讓每個民眾都知道哪些帳號在散播假消息。沈伯洋建議，第三方業者例如 Facebook、YouTube、LINE 等業者能跨平台合作，透過公部門與私部門的協力，讓所有平台同步阻止假消息散播。台灣遭受網軍攻擊的經驗可以成為其他國家的借鏡，防範於未然。（作者：吳家豪；首圖來源：shutterstock）原文出處: 中國網軍散播武漢肺炎假消息，Facebook 下架逾 60 個帳號 中央社
2019 年第 4 季台灣超越南韓，成為全球僅次中國電視面板供應地,2020-03-13,"根據南韓媒體《KoreaBusiness》引用市場調查及研究單位 IHS Markit 的資料報導指出，南韓三星顯示器和 LG Display 兩大面板廠在 2019 年第 4 季，分別量產了 665 萬片和 1,044 萬片的電視面板，使得兩家企業在全球電視市場上的綜合市占率來到 23.3%，較 2019 年同期的 31.6%，下滑了 8 個百分點，落後給台灣的 26% 同期市占率，讓台灣取代南韓，成為僅次中國的全球第 2 大電視面板供應地，而南韓則排名第 3。報導指出，台灣的面板廠包括群創，友達和夏普等企業在 2019 年第 4 季積極擴大市占率。其中，群創在 2020 年第 4 季生產了 1,172 萬片的電視面板，超過了 LG Display，成為全球第 2 大電視面板製造商。如果以群創的 16% 市占率，加上友達的 7% 和夏普的 3.3% 市占率，則台灣面板廠在全球電視面板上的市占率將達到 26%，僅次於中國廠商超過 50% 的市占率。中國面板廠在 2019 年的供貨量首次超過 50% 的市占率。其中，包括全球第一大電視面板供應商的京東方（BOE）、還有華星光電、惠科 (HKC)、中電熊貓 (CEC Panda) 和咸陽彩虹光電 (CHOT) 等企業的電視面板總產量達到了 3,622 萬片，超過了南韓和台灣製造商的生產數量總和。面對中國與台灣廠商持續擴大市占率的態勢，南韓企業則是老神在在表示，這樣的情況反映了三星和 LG Display 向下一代產品的平穩過渡的趨勢。事實上，的確南韓的面板廠已經開始逐漸放棄原有 LCD 電視面板市場。例如，LG Display 自 2019 年開始，就停止了位在南韓坡州市的 8 代廠 LCD 電視面板生產。而在 2020 年之際，LG Display 還將計劃停止整個南韓的 LCD 電視面板生產。報導還進一步強調，LG Display 預計在 2020 年第 2 季開始大幅提高 LG 集團下一代關鍵產品之一的大型 OLED 面板的生產。而 LG Display 位於中國廣州的新 OLED 工廠，則是計劃於 2010 年開始大規模生產 OLED 面板。依照計畫，LG Display 廣州工廠將在 4 月份達到每月 6 萬片 OLED 面板產能。之後，進入正式量產階段後，LG Display 包括中國及南韓工廠的 OLED 面板總產量將達到年產能 600 萬片的規模。至於，另一家南韓面板廠──三星顯示器則是決定到 2025 年之前，在量子點電視上投資約 13 兆韓圜，以加快技術開發的腳步。而且，三星顯示器也計劃在 2021 年上半年，開始大規模生產大型量子點 OLED 面板。甚至，目前三星顯示器已經將位於南韓忠清南部的 L8-1 產線，改造成量子點 OLED 面板的產線，預計未來該產線每年可生產超過 500 萬片相當於 55 吋大小的量子點 OLED 電視面板液晶電視面板。而針對 LG Display 以及三星顯示器在下一代電視面板生產上的布局，南韓相關業界人士表示，要追趕上這些技術，中國企業則需要投資 5 年以上投資與研發時間。(首圖來源:科技新報攝) 本文獲授權轉載自科技新報，原文出處: 2019 年第 4 季台灣超越南韓，成為全球僅次中國電視面板供應地 Atkinson"
Facebook 支援夜間模式新介面即將登場，圖解新舊配置與功能,2020-03-13,今天下午，閒來無事，開了電腦，上上 Facebook，看到一則訊息：「你中了大獎！」並不是。是「你被選為使用 Facebook 嶄新介面的天選之人！」也沒有這麼誇張啦！簡單說，就是通知你可以「切換嶄新的 Facebook 介面」。那麼，難得有機會「第一時間」換用新版介面，不管好不好都要回答「是！」馬上同意試用！簡單的介紹請參考圖片說明。這個就是筆者開始玩的 Facebook 新介面。藍色標題列消失，僅留下（重新設計的）Facebook 圖示。最上方的操作介面長得更像手機版 App 介面。和經典畫面相比，字體變大。下拉式功能表，增加了一些選項。新增「夜間模式」，可把整個環境變成暗色。這次 Facebook 讓你隨意切換「經典」、「新版」介面，真佛心，以前都是強迫更新呢。這個就是大家的 Facebook 老朋友介面。有個藍色標題列和有點平坦的老圖示。最上方沒有如手機 App 的切換頁籤。貼文字體較小。下拉式功能難得開啟，但有了新介面後，這裡會多一個切換選項。傳統介面沒有夜間模式。隨意切換開關會多出來（如果你是天選之人）。筆者剛切換到新介面，一開始覺得「怎麼好像能看到的東西變少了？」於是就切回傳統介面。第一次切回傳統介面時，認真填寫了感想，但仔細看看：發現是某種程度的錯覺。原來，因為新介面字體變大了，所以會覺得訊息數量減少。但再仔細看，新介面清爽不少，字大點也馬上就習慣了。而且呢，因筆者的「各種軟體」，包括 Windows、Android、各種文字編輯器、Chrome……都改用夜間（深色）模式，現在連 Facebook 新介面都支援這模式，當然是要「裝厲害」給它用下去……最後，有朋友反映他的「新酷音」在新介面使用會有問題，筆者也親自試驗了，不過筆者在最新版 Chrome 用「新酷音 1.20 Beta 版」留言、貼文都正常，所以這訊息僅供參考。（首圖來源：科技新報）本文獲授權轉載自科技新報，原文出處: Facebook 支援夜間模式新介面即將登場，圖解新舊配置與功能 嚴 立群
民航業紓困辦法出爐，交通部多項補貼協助措施協助業者,2020-03-13, 行政院 12 日核定「交通部對受嚴重特殊傳染性肺炎影響發生營運困難產業事業紓困振興辦法」，交通部並於同日發布實施，該紓困辦法第八條、第九條及第十二條針對本次受疫情影響頗大的民航業訂有多項優惠補貼措施，包括對飛航國內、國際及兩岸航班的民用航空運輸業補貼其降落費、房屋使用費、土地使用費、維護機庫使用費、飛機修護棚廠使用費，自 2 月 1 日起開始實施，為期一年，地勤業、空廚業也同樣對其房屋使用費、土地使用費等給予補貼，另對民用航空運輸業維持正常營運資金之融通貸款利息，以及民用航空運輸業及地勤業配合執行防疫措施所需費用亦均給予補貼。為進一步協助業者，民航局及機場公司並宣布將緩收業者相關費用 4 個月，希望全力協助國籍航空公司等相關民航業者度過疫情寒冬，蓄積能量，待疫情過後業績能再度展翅高飛。交通部表示，本次武漢肺炎疫情有別於 SARS，對國際航線之衝擊大於國內航線，國際航線運量於 2 月已減少約 50%，確實有協助紓困的需要，為了解業者需求，已與航空業者座談，並將業者反映意見納入紓困辦法內容，擴大補貼範圍，增加具體協助做法，包括將原僅針對飛航國內航班航空公司補貼的房屋使用費、土地使用費、維護機庫使用費，於國際及兩岸航班也納入適用範圍，且就其補貼後應繳費用亦比照國內航線項目緩收 4 個月，包含場站使用費、噪音補償金、房屋、土地及機庫使用費等，另對亦受此波疫情影響之地勤業及空廚業，同樣予以緩收，以減輕業者之現金流壓力，未來視疫情狀況，有需要將再延長實施。在補貼民用航空運輸業及地勤業配合執行防疫措施所需費用部分，則以實報實銷為原則，包括為供航空器機組員、旅客及航空站第一線工作人員使用的耳（額）溫槍、口罩及手套等防疫物資，以及航空器消毒費用，均有補貼，民航局並已訂有作業要點，預計下週即可公布實施，受理業者提出申請。交通部進一步表示，對於現金流壓力較大的民用航空運輸業，於本次紓困辦法中特別對其維持正常營運資金的融通貸款利息給予補貼，補貼期限最長一年，最高按中華郵政公司一年期定期儲金機動利率計算，但要求於利息補貼期間融通貸款應優先支付員工薪資，違反者，交通部將收回補貼之利息，以期善用政府資源，達到優先照顧員工的目的。交通部強調，本次紓困辦法擬定過程，已充分傾聽民航業者聲音，提出遠較過去 SARS 期間優惠的紓困措施，希望全力協助民航業者早日恢復榮景。（首圖來源：Flickr/Chung ChengYen CC BY 2.0） 本文獲授權轉載自科技新報，原文出處: 民航業紓困辦法出爐，交通部多項補貼協助措施協助業者 TechNews
加碼補貼再緩收！交通部多管齊下協助機場免稅店、餐飲賣店維持營運,2020-03-13,行政院 12 日核定「交通部對受嚴重特殊傳染性肺炎影響發生營運困難產業事業紓困振興辦法」，交通部並同日發布實施，紓困辦法第八條對受本次疫情衝擊影響的機場餐飲賣店、免稅商店、一般商店、商業廣告等業者主要營運成本，包括房屋使用費、土地使用費、權利金提出極優惠的補貼辦法，並追溯自 109 年 2 月 1 日起開始實施，為期一年。為進一步協助業者，機場公司及民航局並宣布將緩收業者相關費用 4 個月，希望全力協助機場業者共渡疫情難關，待疫情過後及早恢復榮景。交通部表示，為全力協助各機場業者維持營運，在聽取業者反映意見並衡酌疫情狀況後，決定增加補貼額度，於紓困辦法中明定三級補貼方式，若業者所在航廈或航空站客運量為前一年同月 50% 以下者，即全額補貼房屋使用費、土地使用費、權利金；客運量為前一年同月 50% 以上、未滿 80% 者，則以客運量比例扣除 50% 計收，以運量為去年同期 60% 為例，業者只要繳交 10% 租金及權利金，其餘 90% 租金由政府補貼；客運量達前一年同月 80% 以上，則按減少幅度等比例給予補貼。交通部進一步表示，除了加碼補貼，緩收 4 個月房屋使用費、土地使用費、權利金之外，桃園機場公司並將研議疫情期間不計入合約營運期，辦理延長合約，並協助業者彈性調整營業時間、促銷庫存商品，希望透過各種可能方式協助業者減輕經營壓力，維持營運，林佳龍部長也期勉機場業者，現在最重要的是做好國門防疫，讓桃園機場成為大家很放心的機場，只要防疫成功，台灣會成為全世界旅客最放心前來的國家，相信未來對航空業、機場業的發展，會是最好的保證，相信疫情過後，桃園機場及各機場業績能很快復甦，重返榮景，再創高峰。（首圖來源：shutterstock） 本文獲授權轉載自科技新報，原文出處: 加碼補貼再緩收！交通部多管齊下協助機場免稅店、餐飲賣店維持營運 TechNews
中國電動車廠商比亞迪轉產口罩，日產量 500 萬成全球第一,2020-03-13,"中國電動車製造商比亞迪 2 月緊急加入口罩生產線，一個月完成生產裝置研發和製造、口罩量產，日產能提升到 500 萬片，稱已成為全球日產量最大的口罩製造商。比亞迪是全球第二大電動車製造商，總部位於中國深圳。自肺炎疫情爆發以來，口罩的市場需求大幅提升，許多中國汽車製造商在結束春節假期緊急轉產口罩，比亞迪就是其中之一。2 月 8 日啟動口罩生產，由 3,000 多位工程師組成的研發團隊開始進行口罩生產裝置研發，一週內完成，日產能提升到 10 台口罩機以上，截至 3 月 13 日，比亞迪口罩生產線的口罩日產量提升到 500 萬，生產線處於滿負荷生產狀態，按每日 500 萬產能計算，比亞迪成為全球最大口罩生產商。除比亞迪外，多個中國汽車製造商均已啟動了口罩生產線，包括上汽通用五菱、廣汽、長安等多個公司，先後宣布暫時性調整生產製造環境，改造生產線生產口罩，一是支援肺炎疫情較為嚴重的地區進行防控，二是滿足公司內部的員工需求。其中上汽通用五菱是中國第一個生產口罩的汽車廠商，該公司將無塵車間進行改建，開設了 14 個口罩生產線，日產量大約為 170 萬片。廣汽集團則製造了 50 台口罩生產機器，部分用於內部生產，部分提供給其他廠商口罩不會對外售賣。廣汽集團表示轉產口罩屬於零組件事業部負責，不會影響到汽車的生產。由於不同產業的製造商紛紛轉產口罩，截至 2 月 29 日，中國普通口罩、醫用口罩日產量超過 1.16 億片，一個月內提升 12 倍。Chinese Electric Car Maker Says It’s World’s Biggest Mask Maker（首圖來源：比亞迪）本文獲授權轉載自科技新報，原文出處: 中國電動車廠商比亞迪轉產口罩，日產量 500 萬成全球第一 linli"
「爆雷」高手，Apple 暗藏的新品與功能都是他們從測試版軟體挖掘出來的,2020-03-13,大家都說蘋果新品預測得看郭明錤。確實，這個人稱「地表最強蘋果分析師」的男人，透過供應鏈內線，有近水樓台先得月的優勢，經常劇透不少蘋果新品。但比那個男人還強的，還有一群網友稱為 Apple Spelunker 的開發者。Spelunker 是任天堂經典遊戲，主角為了取得洞窟最下層的祕寶而深入地下迷宮探險。這群開發者之所以獲得這稱號，原因就是和 Spelunker 很像。▲ 任天堂經典遊戲《Spelunker》。Apple Spelunker 平時開發各種應用軟體，為 iOS、macOS 生態添磚加瓦。而正常工作背後，是專注於反向工程蘋果各種新系統，嘗試取得蘋果新品的蛛絲馬跡。近日，他們透過分析洩漏的 iOS 14 程式碼，證實大家關注已久的 iPhone 9 及頭戴式 AirPods。▲ iOS 14 找到的頭戴式 AirPods 圖。（Source：9to5Mac）這些郭老師不是有預測到嗎，憑什麼說比郭老師強？關鍵是，他們的預測，準確率幾乎 100%。回到 3 年前，看 Apple Spelunker 如何揭開 iPhone X 的神祕面紗光說無用，不如直接回到 2017 年 iPhone X 發表前，看看 Apple Spelunker 怎麼在各式各樣傳聞中，逐步展示 iPhone X 最真實的樣子。當時最受關注的是外觀。畢竟從 iPhone 6 開始，正面外觀幾乎沒變過，且是十週年版 iPhone，大家都希望掏出手機時，別人一看就知道。iPhone X 發表前大半年裡，網路有很多渲染圖、模型機流出。當時傳言的正面設計就有 3 種。一是一整塊完整螢幕，也就是現在的全螢幕。二是螢幕中間挖個小槽，放置喇叭及鏡頭。三就是瀏海設計了。▲ 傳聞的挖孔螢幕 iPhone X。但 iPhone X 的真實面貌，早在當年 7 月，蘋果就藏在大家都想不到的地方：HomePod 的測試版韌體裡。韌體發表一週後，開發者 Steve Troughton-Smith 從韌體挖出內部代號為 D22 的新 iPhone，並找到配套的圓角瀏海螢幕外觀向量圖。雖說瀏海螢幕首次曝光並非透過深挖系統程式碼，之前已有不少模型機、渲染圖甚至所謂工廠外洩零件都顯示了瀏海螢幕。但一定程度來說，向量圖出現，基本就確定了 iPhone X 正面設計。愛開玩笑的 Steve Troughton-Smith 找到向量圖後，甚至擔心蘋果員工會不會有個不好過的週一。另外，9to5Mac 在消息曝光前後兩個月的報導，不乏 iPhone X 將採用挖槽設計的資訊，關於 iPhone X 的配圖不時也出現一些五花八門的設計。向量圖曝光後，網站關於外觀的討論基本都繞著瀏海螢幕了，反倒頂部狀態欄應該怎麼改變成為新話題。9to5 Mac 還舉行投票活動。（Source：9to5Mac）然而，這話題很快隨著 Steve Troughton-Smith 後來的發現終結。既然變成全螢幕，為 iPhone 服務 10 年的 Home 鍵也「最佳化」了，那麼互動操作也會不同吧。對互動這件事，當時有幾個說法：雖然 Home 鍵肉體不在，但靈魂還在，全螢幕 iPhone 將有類似「小白點」的虛擬 Home 鍵。全螢幕 iPhone 底部會有橫向 Function area，類似現在 Android 底部的虛擬按鍵區。利用 3D Touch，並賦予更多手勢操作。引入類似 iPad 及 MacBook 觸控板的多指手勢操作。這些互動預測和硬體不一樣，無法透過供應鏈甚至工廠零件外洩取得，所以全螢幕互動預測一直眾說紛紜，誰也沒有令人信服的證據。▲ 郭明錤報告預測過的 Function Area。一直到 iOS 11 GM 推出，謎題終於解開了。Guillherme Rambo 在 iOS 11 GM 發現介面底部的小長條，雖然當時大家都不知道小長條叫什麼，但透過程式碼得知，小長條就是虛擬 Home 鍵的角色，但又結合手勢，功能比 Home 鍵多一點，透過不同方向滑動，可回到桌面，切換應用程式等。還有 Home 鍵撤除後影響很大的問題，就是怎麼解鎖手機。這個問題的討論與互動相比沒那麼複雜，就兩種聲音，一是螢幕下指紋，二是臉部辨識。結合當時螢幕下指紋技術的成熟度、分析師預測及瀏海功能判斷，大部分人都更傾向臉部辨識。但有意思的是，最初從軟體角度找到臉部辨識線索的，同樣不是在 iOS 找到，依然是在 HomePod 韌體。當時一位匿名開發者在 HomePod 新韌體 BiometricKit 程式碼發現端倪。這部分程式碼負責連結 iPhone 的生物辨識，之前都是一些指紋辨識程式碼，但新版卻包含許多名字有「FaceDectect」（臉部偵測）的新程式碼。之後包括 Steve Troughton-Smith 等多位工程師，分別在 iOS 及 HomePod 韌體找到更多程式碼證據，證實了 iPhone X 臉部辨識需要多角度登錄、使用紅外線元件及用於行動支付等關鍵資訊。甚至，發表會前兩天，使用 Face ID 時會出現的小圓臉動畫，也被挖出來了。那麼十週年紀念版 iPhone 會叫什麼名字？如果按照 iPhone 命名規則預測新 iPhone 並不難，接在 iPhone 7S 後面的話，應該就是 iPhone 8 了吧。可這款產品既是 iPhone 10 年集大成之作，又有可能是引領未來 10 年的開山作品，命名總得有些不同吧。於是當時 iPhone 的名字，網路流傳有各種版本，到底是 iPhone 8S、iPhone 10、iPhone X、iPhone Edition，還是 iPhone 十週年尊榮特別紀念版？最終讓人們堅信這款產品名稱就是 iPhone X，還是 Steve Troughton-Smith。他深挖 iOS 11 GM 版，最終在發表會前 3 天，確定當年發表會 3 款新 iPhone 的名字，也就是後來知道的 iPhone 8、iPhone 8 Plus 及 iPhone X，間接證實蘋果將在發表會發表 3 款 iPhone 的傳聞。至此，iPhone X 的重要部位，幾乎都扒光了。當然了，Apple Spelunker 挖掘線索的戰績遠不只這些。就拿近兩年的重磅產品來說，包括最新 iPad Pro 將使用全螢幕設計、AirPods Pro 有降噪功能、16 吋 MacBook Pro 邊框更窄這些關鍵資訊，他們也從各種系統一一挖出來了。這工作甚至比偵探還難Apple Spelunker 之所以幾乎百發百中，當然都是因為這些資訊的源頭，都來自蘋果本身。但也正是如此，這件事才會十分困難。蘋果不僅把資訊藏得很深，還會隱藏和偽裝關鍵資訊。想透過解構程式碼發現新品的蛛絲馬跡，不僅要專業有耐性，還需要強大的組織及辨識能力。Apple Spelunker 中具代表性的 Guilherme Rambo 接受採訪時說過這句話。Guilherme Rambo 因在 macOS 開發第三方 WWDC 支援應用而聞名，但真正讓他知名度大開的，是他近幾年挖出來的大量新品線索。▲ Guilherme Rambo。大家都知道，蘋果保密一向嚴格，尤其是供應鏈及產線。但涉及的範圍之廣，以致蘋果很難堵住每個漏洞。軟體其實也是一樣道理。Guilherme Rambo 表示，蘋果生態太強大了，iOS、macOS、watchOS、tvOS 互相關聯，支撐整個蘋果硬體及服務系統，各自獨立又互相支援，所以涉及面實在太廣，要滴水不漏幾乎不可能。但並不代表這件事很簡單，甚至比警察破案更難，因為線索不是直接擺在桌上。Apple Spelunke 面對的程式碼很鎖碎，不僅要讀懂它們，還要善於聯想和歸納。談到如何挖掘線索時，Guilherme Rambo 表示：大家可能以為我們只要不斷深挖就夠了，其實不是。我的電腦有一個檔案，記錄大量線索。當我遇到猜不出有什麼用的程式碼時，我會把它記下來。如果後來我看到新系統程式碼有似曾相識的內部裝置辨識時，如 D33、J230 等，就會開啟舊檔案重新找尋這些辨識，看看我之前的紀錄，並嘗試找到關聯性。就如我爆料很多 iPad Pro 的資訊，其實都是經過長時間整理，且線索貫穿多個 iOS Beta 版本。這意味著挖程式碼不僅要跨系統，還得跨版本。Guilherme Rambo 還表示，程式碼跟寫文章一樣，不同人有不同風格。要讀懂他人的程式碼，尤其經過偽裝的相當難。Apple Spelunker 經常互相分享成果，雖然大多時候發現一致，但也有時候解讀完全是兩個方向。為了不走錯方向，走少一點冤枉路，其實他們也常參考產業鏈資訊的預測報告，得到不少幫助：我覺得能發現這些資訊，不只是我們的功勞，因為經過產業分析後得到的預測，對我們幫助很大。我們經常參考這些資訊，了解蘋果的大致動向，盡可能不朝錯的方向走。得到的不只掌聲，還有噓聲有強大的劇透能力，如 Guilherme Rambo 等級的 Apple Spelunker，無論在爆料網站還是自己的社交帳號都相當受歡迎。當然，也要面對很多指責：大多數人都喜歡我們的工作，認為我們的工作很酷，但也有部分人不這麼想。他們說蘋果發表會對他們來說，原本是期待已久的 2 小時電視節目，然而我們劇透之後，變成 2 小時的廣告。我尊重他們的意見，但我並不同意。我每次發表會都會看，但我關注的並不是發表什麼，而是蘋果為什麼發表這些新品。這些新品對我、其他消費者有什麼樣的體驗，才是最重要的。而這些資訊我們發現不了。當問到有沒有來自蘋果的壓力時，Guilherme Rambo 表示有，但並不是不准他挖程式碼，而是隨著蘋果各種升級防止逆向工程，要挖掘線索沒有以前容易了。去年 8 月，Guilherme Rambo 的蘋果開發者帳號被封。這件事在 Raddit 及其他網站引起熱議。不少人懷疑是因為 Guilherme Rambo 的爆料違反開發者協定的保密事項，並表示有可能遭永久禁號。但兩個月之後，Guilherme Rambo 的開發者帳號就回來了。雖然 Guilherme Rambo 並沒有說明遭封號的原因，但他曾在採訪時透露他和蘋果的微妙關係：對這些問題，我無法透露太多。但我可以說的是，雖然不是經常，但我們之間確實保持聯繫。且我從朋友得知，蘋果一些員工其實還滿喜歡我的工作，雖然我不知道為什麼。（本文由 愛范兒 授權轉載；首圖來源：蘋果）原文出處: 「爆雷」高手，Apple 暗藏的新品與功能都是他們從測試版軟體挖掘出來的 愛范兒
美國疫情延燒！微軟 Build 大會改為數位活動，蘋果 WWDC 恐跟進？,2020-03-13,通常在每年 5、6 月期間，國際大廠相繼為開發者舉行大型交流活動，並宣布最新進展。然而繼 MWC、F8、GDC、GTC、I/O、E3 等展會後，又有微軟 Build 2020 開發者大會受到武漢肺炎疫情的影響有所調整。原定 5 月 19 日至 21 日於西雅圖舉行的 Build 2020 開發者大會，已由微軟發言人宣布取消實體活動，聲明指出將為開發者提供微軟 Build 數位活動，以取代親自到場的交流方式，期望能以虛擬形式讓開發者以及生態系整合在一起，進行學習與互動。微軟 Build 大會是該公司一年當中最大的展會活動，預期運用 Build 預覽版來展現 Windows、Office 以及相關應用服務的最新發展。微軟原本計劃在今年的 Build 大會上，針對 Android 與 Windows 10X 公開更多適用於雙螢幕或摺疊螢幕的開發細節。大型科技公司要如何將其展會轉為虛擬形式，屆時有待觀察。夏季舉行的開發者大會通常包括主題演講，並於現場宣布各項產品與開發進展；還有多場規模較小的交流活動，讓開發者有機會與在大型平台上工作的工程師交換想法，這些都是不可或缺的。攤開今年的時間表來看，Facebook F8、Google I/O、Microsoft Build 三大會均在 5 月進行，剛好分布在不同週間舉辦。接下來更有蘋果的全球開發者大會（Worldwide Developers Conference，WWDC 2020），依照慣例應在 6 月舉行，通常會在 3 月之前確認這項活動，但該公司尚未對此事作出說明。不過目前武漢肺炎疫情在美延燒，包括庫比蒂諾（Cupertino）、聖荷西（San Jose）在內的加州聖塔克拉拉郡（Santa Clara County），已宣布禁止未來 3 週的所有集會活動，以減少感染新型冠狀病毒的風險。蘋果對此如何因應？是否同樣取消 WWDC 大會的實體活動，改為數位串流的互動形式呢？其他技術交流又該如何進行？就待蘋果公布。（首圖來源：Microsoft Blog）延伸閱讀：同樣受疫情影響，Google I/O 2020 大會取消實體活動又一大型展會受疫情影響，GDC 遊戲開發者大會延後至夏季舉辦新型冠狀病毒持續發威！Nvidia GTC 大會取消實體活動改在線上舉辦Facebook 因應武漢肺炎取消今年 F8 大會武漢肺炎疫情蔓延，MWC 2020 大會停辦 本文獲授權轉載自科技新報，原文出處: 美國疫情延燒！微軟 Build 大會改為數位活動，蘋果 WWDC 恐跟進？ 陳 冠榮
武漢肺炎病毒能在物體表面存活多久？NIH 研究：紙箱和手機殼上 1 天、塑膠和不鏽鋼上 3 天,2020-03-13,武漢肺炎疫情持續在全球肆虐，為了了解新型冠狀病毒（Covid-19）的傳播力究竟有多強，美國研究人員將病毒嘗試性的散布在家庭和醫院常見的 7 種材料上，觀察其保持傳染性的時間，結果顯示，新型冠狀病毒在塑膠和不鏽鋼上的存活時間最久，可以長達 3 天，這顯示醫院設備和地鐵上的握桿都是疾病的潛在媒介。就目前來說，科學家已經知道病毒會大量存在感染者的上呼吸道中，使他們在咳嗽或打噴嚏時會向空中和物體表面噴灑微小的液滴和氣溶膠（aerosols），但新型冠狀病毒在物體表面上究竟能維持多久還沒有個定論。華盛頓大學公衛學院微生物學家 Marilyn Roberts 表示，雖然科學家已知許多病毒和細菌都可以在一般物體上存活，但精確了解新型冠狀病毒的運作方式將有助遏制該流行病。「病毒在空氣中和表面上的穩定性可能直接影響病毒的傳播，因為病毒顆粒在從宿主中排出後必須存活足夠長的時間，才有機會找到新的宿主。」為了弄懂病毒在不同材料上的生存時間，華盛頓大學與美國國立衛生研究院（NIH）研究人員找來 7 種在家庭和醫院常見的材料將病毒散佈到材料表面，在等待幾小時至數天後，他們擦拭材料表面並檢查病毒是否仍然可以感染培養皿中的細胞。結果顯示，病毒最喜歡的材料是不銹鋼和塑膠，研究人員在 3 天後仍可以收集到病毒，似乎還可以維持更久時間，病毒最不喜歡銅，在短暫停留 4 小時候便消失了，而在氣溶膠的狀態中，病毒仍然能夠保持活力近 3 個小時。值得一提的是，研究也證實它至少可以沾附在紙箱包裹或手機外殼上長達 1 天。儘管如此，Roberts 也強調，目前還沒有證據顯示病毒真的能透過無生命的物體傳播，「我們還無法確定你是否可能從受污染表面或無生命物體染上病毒，這是底線」。過去科學家已知，一些如流感的病毒光是觸摸表面便可讓人在短短幾秒內沾上數百萬個病毒顆粒，而人們每小時觸摸自己的臉超過 20 次，這很可能加速病毒的傳播。衛生當局建議人們經常洗手，並使用含酒精的清潔劑對表面進行消毒，雖然新型冠狀病毒的傳染力看似很強，但冠狀病毒其實很容易殺死，2 月時德國相關研究人員便曾表示，只需要花 1 分鐘清潔表面，病毒顆粒便可以從 100 萬迅速減少到 100 個，能有效降低感染的風險。在這次的研究中，NIH 研究人員也將新病毒與 SARS 進行比較，結果發現這兩種病毒在物體上停留的時間十分相似，但 SARS 在 2003 年並沒有如此高的傳播力，這意味著很可能其他因素加強了新型冠狀病毒的傳播速度，還需要更詳細的流行病學研究才能確定心形怪狀病毒的確切傳播方式。儘管還沒有完全理解這些原因，但 NIH 研究人員推測，無症狀感染者可能也會傳播病毒，或可能感染人所需的最小感染劑量（infectious dose）更少。研究人員現在正在研究病毒在鼻涕、唾液和糞便中能停留多長時間，什麼溫度和濕度下又能維持最久。Here’s how long the coronavirus can live in the air and on packages研究論文預印本：Aerosol and surface stability of HCoV-19 (SARS-CoV-2) compared to SARS-CoV-1（首圖來源：shutterstock）延伸閱讀：氣溶膠傳播就是「空氣傳播」？可能與你想的不一樣 本文獲授權轉載自科技新報，原文出處: 武漢肺炎病毒能在物體表面存活多久？NIH 研究：紙箱和手機殼上 1 天、塑膠和不鏽鋼上 3 天 Nana Ho
傳法國將允許華為參與 5G  網路，核心網路除外,2020-03-13,據路透社報導，法國網路安全管理機構 ANSSI 已經完成了對華為公司的審查，將允許後者參與法國營運商的 5G 網路建設，僅限於非核心網路，這個決定很快對外公開。法國網路監管機構與營運商密切溝通，5G 網路的發展也進入關鍵時期，對於供應商的選擇非常謹慎。負責網路安全監管的 ANSSI 經過長期審查和溝通後，已通知營運商可以與華為在 5G 業務上展開合作，為非核心網路採購華為的技術和產品。法國政府的態度並不想全面禁止華為，其主要原則是讓華為遠離核心網路，以降低網路安全風險。核心網路是指涉及到用戶個人資料的系統，集成了大量處理敏感資料的軟體程式。網路監管機構批准華為參與 5G 非核心網路的建設，對於法國的營運商至關重要，四​​大營運商中的 Bouygues 和 SFR 均是華為在歐洲市場的重要客戶，現有行動通訊網路中有超過 50% 的裝置由華為提供，若無法基於現有的網路體系繼續採購華為的產品和技術進行升級，營運商更換供應商面臨巨額的資金成本，也會延後 5G 的發展。由於 ANSSI 還沒有正式對外宣布允許華為參與 5G 建設的決定，部分法國營運商仍在擔心任何針對華為的禁令都可能帶來損失。之前英國議會已經批准允許華為有限參與 5G 建設，仍然在審核中的德國政府也傾向於給華為開綠燈，實施更嚴格的監管體系而非單一禁令將華為排除在 5G 網路之外。英國、法國、德國三國對於華為的態度將決定後者在歐洲市場的前景。France to allow some Huawei gear in its 5G network（首圖來源：華為）延伸閱讀：美再延長華為臨時許可，業內：限制將傷美領導地位美國組復仇者聯盟圍堵華為，全球三大電信龍頭 5G 戰力總盤點 本文獲授權轉載自科技新報，原文出處: 傳法國將允許華為參與 5G 網路，核心網路除外 linli
中國武漢肺炎疫情擴大，博通撤回 2020 年全年財測提高不確定性,2020-03-13,"根據《路透社》的報導，因為中國武漢肺炎疫情肆虐的影響，通訊晶片大廠博通（Broadcom）於當地時間 12 日上午，宣布 2020 年首季財報之後，隨即宣布撤回之前對 2020 年全年的業績預測。這也顯示受到武漢肺炎疫情擴散的衝擊，科技企業對市場未來的不確定性也提升。報導指出，在 2019 年之際，博通的營收當中有接近 20% 的比率來自蘋果的貢獻，不過在中國武漢肺炎疫情發生之後，蘋果也是第一家確認疫情正侵害其在中國供應鏈和市場需求的跨國大型科技企業，使得蘋果執行長 Tim Cook 先前提出警訊表示，2020 年首季蘋果的營收將不如預期。而受到疫情的影響，博通執行長 Hock Tan 在與分析師的電話會議表示，並未對公司即將上市的無線晶片進行造勢，反而繼續投資並營運博通的無線通訊相關資產，而這些相關的資產將可以為博通的業務和股東創造最大價值。此外，Hock Tan 還指出，疫情爆發雖然並未讓博通的供應鏈受到任何影響，但市場的需求確實有所放緩。因此，中國武漢肺炎疫情帶來高度的不確定性，這可能將對博通所處的半導體產業造成衝擊，尤其是在 2020 年下半年，這使得博通不得不撤回先前對於 2020 年全年的業績預測。根據台灣時間 13 日清晨，博通公布 2020 年首季財報，營收金額為 58.58 億美元，較 2019 年第 4 季成長 1.4%，依照美國一般公認會計原則（non-GAAP）每股 EPS 為 5.25 美元，不如一年前 5.55 美元。另外，還預計第 2 季營收將落在 57 億美元，上下 1.5 億美元之間，低於分析師平均預期的 59.4 億美元。至於，針對 2020 年全年的財測，先前預估營收金額約落在 250 億美元，上下 5 億美元之間，優於市場分析師原先預估的營收約 239 億美元。較 2019 年度的 225.97 億美元營收，也將會有 10.6% 的成長。(首圖來源:By en:User:Coolcaesar (en:Image:Broadcomheadquarters.jpg) [GFDL or CC-BY-SA-3.0], via Wikimedia Commons)本文獲授權轉載自科技新報，原文出處: 中國武漢肺炎疫情擴大，博通撤回 2020 年全年財測提高不確定性 Atkinson"
蘋果前 5G 數據機負責人 Rubén Caballero 加入神祕低調的新創公司 Humane,2020-03-13,關於 Humane 的情況我們知道的不多，它在開發第一個產品時似乎就很低調隱密。今年 1 月，這家新創公司宣布聘用了蘋果（Apple）雲端服務主管 Patrick Gates。如今，蘋果前 5G 數據機負責人 Rubén Caballero 也加入了 Humane 內部不斷茁壯成長的前蘋果工程師和主管行列。本週，這家新創公司宣布聘請 Caballero 為技術顧問。在蘋果公司，Caballero 擔任工程副總裁，也是 iPhone 硬體團隊的關鍵成員。值得注意的是，他還曾擔任蘋果第一代 5G 數據機專案計畫的團隊負責人，並曾開發過從 Mac 到 AirPod 等一系列產品。在蘋果公司與高通（Qualcomm）達成了一項為期數年的數據機供應協議，並經歷了部門重整之後，Caballero 在 2019 年 4 月離開了這間位於加州古柏迪諾（Cupertino）的科技巨頭。同年 10 月，這位前資深副總裁加入了一家名為 Keyssa 的無線新創公司，擔任首席無線策略師。在幾個月後的現在，Caballero 加入 Humane。Humane 在其官方部落格文章中表示，Caballero 對公司使命的信念與公司價值觀十分契合，同時他「對我們產品願景的興奮及熱衷」也在公司招聘決策的過程中發揮作用。目前還不清楚該公司的產品願景是什麼，甚至完全不清楚 Humane 究竟在做什麼。這家新創公司是由另外兩名蘋果資深前員工創立的，他們分別是前軟體工程總監 Bethany Bongiorno 和設計師 Imran Chaudhri。如今在 Humane 工作的其他知名的蘋果資深員工還包括了前 iPhone 7 設計主管 Miguel Christophy，他曾在蘋果負責 iOS 攝影機設計工程。目前了解這家新創公司的唯一線索來自於該公司的官網，其中表明了 Humane 正在打造「人類與電腦之間的下一次轉變」。該公司承認，雖然到目前為止其給人低調平靜」的感覺，但「2020 年會是大家從我們這裡獲得更多訊息及助益的一年」。Apple’s former 5G modem lead joins ‘Humane’ startup（首圖來源：Humane）本文獲授權轉載自科技新報，原文出處: 蘋果前 5G 數據機負責人 Rubén Caballero 加入神祕低調的新創公司 Humane Evan
武漢肺炎重擊，公主遊輪所有船隻停航 2 個月,2020-03-13,"旗下有兩艘郵輪因淪為武漢肺炎疫情溫床而被隔離的公主遊輪公司（Princess Cruises）宣布，公司所有 18 艘郵輪停航 2 個月。路透社報導，公主遊輪的決定，讓已飽受 2019 冠狀病毒疾病（COVID-19）疫情摧殘的郵輪業雪上加霜；芬蘭的維京航運（Viking Line）稍早也暫時停開遊河與海上的郵輪。公主遊輪公司執行長史瓦（Jan Swartz）在官方 YouTube 頻道上針對停航的決定說：「在我任職公司的 20 年裡，從未面臨過去 40 天我們所經歷的考驗。這或許是我們有史以來做出最艱難的決定。」上週公主遊輪旗下的至尊公主號（Grand Princess）從夏威夷回航的途中因接獲船上有乘客和船員出現類流感症狀，而被拒絕停靠在舊金山灣。經篩檢後，有 21 人確診新型冠狀病毒，大多是船員。搭乘該郵輪的人中，至少有一對夫婦對公司提告，求償 100 萬美元（約新台幣 3,053 萬元）精神損害。今年 2 月時，公主遊輪旗下另一艘鑽石公主號（Diamond Princess）郵輪，更因數百人在船上確診，一度成為中國境外最大宗的疫情擴散點，當時船上有 700 人感染，並有 6 人死亡。（譯者：李晉緯；首圖來源：Flickr/Winston Deckard CC BY 2.0）原文出處: 武漢肺炎重擊，公主遊輪所有船隻停航 2 個月 中央社"
新冠肺炎正式進入大流行，全球性系統風險將衝擊記憶體產業,2020-03-13,TrendForce 記憶體儲存研究（DRAMeXchange）表示，雖然中國疫情看似趨緩，然而中東、歐洲與美國疫情急速擴散，世界衛生組織（WHO）已正式宣布新冠肺炎成為全球大流行傳染病，將讓全球經濟陷入系統性風險，記憶體市場恐怕提前反轉進入不景氣週期。從需求來看，新冠肺炎的大流行將嚴重衝擊經濟與社會活動，進一步影響個人消費力道；而終端產品的出貨下滑，勢必將造成記憶體需求同步下修。2020 年第一季與第二季 DRAM 與 NAND Flash 均價仍維持上漲，主要是因為年初客戶端庫存水位偏低，雖在價格走勢持續上揚的前提下，採購備貨意願強烈，然 TrendForce 認為真正的挑戰會從第三季開始，隨著需求萎縮導致庫存去化不易，將大幅削弱客戶端採購力道，使得價格漲幅受到抑制，在 NAND Flash 領域更可能由漲轉跌。全球經濟降溫、消費者信心下滑，終端產品需求將持續下修隨著疫情蔓延使得全球經濟降溫，對於消費性電子產品的衝擊為：1. 個人所得可分配支出轉為保守，導致需求遞延，平均消費金額將下降；2. 受疫情影響，產業供應鏈物流及人事成本增加，營收減少，產業更可能面臨洗牌。目前影響 DRAM 與 NAND Flash 的三大終端產品為筆記型電腦、伺服器以及智慧型手機，其中智慧型手機將面臨最大幅度的下修。雖然近期出現自農曆過年以來較明顯的通路銷售（sell through）回溫，但這股動能可能無法延續，實際上智慧型手機生產量仍持續下修。在伺服器方面，目前因為遠距辦公與教學的需求帶動而有增溫，且雲端建置的動能未有熄火，因此整體而言目前未有明顯衝擊；但在企業方面，因應疫情所以多轉趨保守經營，將收斂資本支出，未來企業級（enterprise）伺服器需求可能將轉趨疲弱。需求不振將使下半年記憶體價格漲幅受限，NAND Flash 可能轉跌2020 年 DRAM 及 NAND Flash 的供給增加有限，年成長幅度分別僅 13% 及 32%，加上客戶庫存水位大多處於低檔，因此 TrendForce 原先預估，價格漲勢可延續至今年年底，然而隨著需求出現結構性改變，從第二季末開始，採購端拉高庫存的力道將萎縮，進而影響下半年價格走勢。在 DRAM 領域，由於原本供需差距就大，所以就算需求面臨下修，供需依舊會有缺口，因此最悲觀預估是下半年漲幅收斂，但不至於由漲轉跌。反觀 NAND Flash 領域，供需缺口並不顯著，而且已經觀察到第二季客戶端需求轉弱的狀況，若需求持續下修，下半年價格可能快速反轉。（首圖來源：shutterstock）本文獲授權轉載自科技新報，原文出處: 新冠肺炎正式進入大流行，全球性系統風險將衝擊記憶體產業 TechNews
小心！約翰霍普金斯大學新冠病毒疫情地圖淪為駭客散播 AZORult 病毒新途徑,2020-03-13,檢視新冠病毒在全球各地的散布狀況對公共衛生來說非常重要。然而，當前像是約翰霍普金斯大學（Johns Hopkins University，JHU）系統科學與工程中心（CSSE）旗下全球疫情地圖等用來追蹤病毒疫情爆發狀況的當紅線上工具，已然淪為網路駭客用來傳播危險惡意軟體的管道與途徑。如果你曾拜訪過這類網站，那麼你的電腦也可能正在與自身感染的病毒對抗中。研究人員表示，當前駭客正在利用 COVID-19 新冠病毒的疫情爆發來做為向全球電腦大肆散播 AZORult 惡意軟體的有效手段。這隻特別令人討厭的惡意軟體會竊取使用者電腦中的敏感資訊，包括線上帳號的使用者名稱、密碼、地址及信用卡號碼等。AZORult 並非新病毒。事實上，它已經在網路罪犯手中流傳了大約 4 年之久，其多半透過俄羅斯地下論壇轉手，並在網路上引發了一系列破壞性的惡意活動。植入新冠病毒疫情地圖中的惡意軟體似乎在尋找線上憑證，拿到手的駭客將能以使用者名義下單，並從線上帳戶上拿到錢。如果你多個線上帳號使用相同的電子郵件地址 / 密碼組合的話，那麼立即將每個帳號更改成個別唯一的組合就顯得非常重要了（尤其是你認為自己的電腦已被 AZORult 感染）。這是因為駭客只需要獲得單一帳戶的登錄憑證，就可以存取以你名義登錄的所有帳號，進而導致更多敏感資訊的外洩。像是 LastPass 或 1Password 等密碼管理工具，不失為安全管理自己帳號的好方法，因為使用者只需要記住一個密碼。其他線上帳號都各有該工具隨機生成的專屬密碼。只要瀏覽疫情地圖網站，AZORult 病毒可直接從使用者瀏覽器中竊取登錄資料當前潛藏在新冠病毒疫情地圖中的威脅是由 Reason Labs 研究員 Shai Alfasi 發現的。Alfasi 在一篇關於此一威脅的部落格文章中指出：「密碼竊取操作過程很簡單，因為惡意軟體能從所安裝瀏覽器中竊取登錄資料並將其傳送到 C:WindowsTemp 上。」基本上駭客不需誘使使用者下載任何惡意程式或執行檔，就可以讓使用者陷入被竊密的風險裡。因為只要是互動式瀏覽器儀表板（當前即時更新顯示新冠病毒疫情地圖皆屬之）都有可能感染 AZORult 病毒。為了確保自己電腦的安全（這點會隨著愈來愈多的企業鼓勵員工在家工作而顯得更重要），請避免在任何情況下存取這類的地圖或連結，Alfasi 警告指出。隨著新冠病毒的不斷散布，網路攻擊者將大肆利用 COVID-19 相關資源來發動各種攻擊，所以請務必格外小心！Warning: Checking this Coronavirus map lets hackers attack your Windows PC（首圖來源：Flickr/Christiaan Colen CC BY 2.0） 本文獲授權轉載自科技新報，原文出處: 小心！約翰霍普金斯大學新冠病毒疫情地圖淪為駭客散播 AZORult 病毒新途徑 Evan
不要期待 V 型反彈，美經濟學家擔憂經濟衰退,2020-03-13,全球股災再現，美股正式進入熊市，且跌幅似乎還有擴大跡象。然而股市畢竟不是經濟，這一次讓經濟學家擔憂，美股以極快的速度進入熊市，很可能引發經濟衰退。英國投資公司 TS Lombard 首席經濟學家 Steve Blitz 指出，這數十年來，美國家庭對股票的直接投資或透過基金的投資更多。從 2018 年 12 月美股暴跌就可看出兩者之間存在很強的相關性，當時股票在幾週內下跌近 20%，12 月名義支出月減 2.6%。Blitz 認為這次股票下跌是因為擔憂疫情，央行動作無益救市。他說，這次與 2008 年的金融危機以及 2018 年 12 月都明顯不同，後者在 2019 年全年都透過美聯儲降息來解決。數週以來，數十家公司就供應鏈中斷的影響發出警告。最近取消旅行計畫和聚會，導致需求減少的影響變得愈來愈明顯。Blitz 指望第二季 GDP 成長率為 0%，但認為很可能會更低。高盛報告將這次事件歸類為事件驅動的熊市，歷史顯示平均下跌 29%，美國經濟學家 El-Erian 也預估可能跌幅為 30%。但高盛報告指事件驅動熊市通常反彈較快，對此，Mohamed El-Erian 悲觀認為，這次要復甦會很緩慢，所謂 V 形彈跳不太可能發生，市場走勢圖看起來像是 U 或 L，代表開始復甦之前，會在低點盤旋好一陣子。El-Erian 表示，「我們將陷入全球衰退。我們將看到全球經濟突然停頓。經濟突然停頓的麻煩在於重啟經濟並不容易，必須讓人們重新參與，必須協調重啟，因此經濟損害將持續下去。」 但他指出，金融市場反應會比經濟復甦來得快。由於過去投資人在這些市場上投入大量流動性，因此當市場綠燈亮起，或是預期在某個時刻亮起，金融市場會迅速反彈。El-Erian sees stock market decline reaching 30% from highs and the world going into recessionHere’s how the plunging stock market could cause a recession(首圖來源：Flickr/Corey Seeman CC BY 2.0)延伸閱讀：疫情大流行引發股市入熊市，高盛：史上從未發生類似情況 本文獲授權轉載自科技新報，原文出處: 不要期待 V 型反彈，美經濟學家擔憂經濟衰退 黃 嬿
不再只看台積電吃米粉，三星趕建 5 奈米產線搶 2021 年量產,2020-03-13,面對晶圓代工龍頭台積電即將開始量產 5 奈米製程，並且在 2020 年上半年通吃蘋果及華為海思的訂單，競爭對手三星也不甘示弱地宣布，在開發 5 奈米製程技術一年之後，三星要開始 5 奈米 EUV（極紫外）製程技術的生產線建置了，三星期望生產線的建置將能在 2021 年初趕上之前行動處理器大廠高通 (Qualcomm) 日前發表的驍龍 (Snapdragon) X60 5G 基頻晶片的量產。根據南韓媒體《ETnews》的報導，三星已經從主要的半導體設備製造商那裡訂購了必要設備，並且準備在南韓華城工業區內的 V1 工廠內建立一條 5 奈米製程晶圓製造產線，預計安裝所有必需的設備的時間需要約 2 到 3 個月。目前三星已經安裝好其中的一些設備，因此，預計該公司將在 2020 年 6 月底之前準備好 5 奈米製程產線。報導進一步指出，相關晶圓代工廠在建立晶片產線之後，通常需要幾個月的試產時間。在試產期間中，必要的流程包括測試、評估和提高產量。因此，業內人士預計，三星將能夠在 2020 年年底或 2021 年初開始大規模量產 5 奈米製程晶片，而這樣的狀況也這意味著三星將在 5 奈米晶片量產方面，至少落後於台積電 6 個月。根據三星之前的官方資料，三星的 5 奈米 EUV 製程技術將使晶片比 7 奈米 EUV 製程技術所生產的產品，縮小晶片面積達 24%，提升邏輯區域效率達 25%，並且降低 20% 的功耗，還提高整體 10% 的性能。事實上，自 2017 年以來，三星一直在晶圓代工產業中中排名第二，但與台積電仍有一大段的距離。而由於台積電和三星是目前唯二開發 5 奈米 EUV 製程技術的晶圓代工廠，三星希望將在未來幾年內收到更多 5 奈米製程的訂單。而除了在 5 奈米節點上的競爭，三星日前還宣布還成功開發了 3 奈米製程技術，並有望在 2021 年建立 3 奈米製程產線，以期能與台積電在 2022 年進行 3 奈米大規模生產上進行競爭。(首圖來源:三星) 本文獲授權轉載自科技新報，原文出處: 不再只看台積電吃米粉，三星趕建 5 奈米產線搶 2021 年量產 Atkinson
研調：今年AirPods出貨量估達9000萬套，年成長50%,2020-03-13,"研調機構Strategy Analytic報告預測，去(2019)年AirPods銷售量為6000萬套，較2018年增加100%，而2020年AirPods出貨量則預期有望成長50%，達到9,000萬套。不過，也有分析師質疑，去年AirPods實際出貨量並未達到6000萬套的水準。蘋果並未透露AirPods相關數字，而是將此收入歸類在「可穿戴設備、家庭用品和配件」類別。而根據Strategy Analytic研究數據顯示2019年AirPods的銷售量達到6000萬套，且市佔率超過五成，大幅領先其他競爭對手；而從營收規模來看，AirPods佔全球TWS耳機銷售總額的71%。AirPods今年初受新冠肺炎疫情影響，供應鏈上不少廠商都面臨延後復工的狀況，不過因AirPods自去年底就供不應求，春節期間產線未停線，且目前相關供應鏈都已陸續復工，受到的影響相對較蘋果其他產品線要小，業者也透露，蘋果並未減少訂單，目前生產仍按照預定計畫。除了AirPods外，Strategy Analytic也針對TWS耳機做出預測，認為TWS耳機在2024年規模將會超過1000億美元，並且成為許多智慧手機廠商的營收成長動能之一。MoneyDJ 新聞 2020-03-13 15:18:49 記者新聞中心 報導"
美股創史上最快熊市！IIF：油價急跌恐令美國瀕臨衰退,2020-03-13,國際金融協會(IIF)首席經濟學家Robin Brooks、IIF經濟學家Jonathan Fortun週四(3月12日)聯手發表報告指出，IIF上週調降2020年全球經濟成長率預估值、預期可能會逼近1%，創下2009年以來最疲軟表現。 中國是IIF下修的震央、預估第1季GDP將季減1%，隨後可望季增2%，全年度經濟成長率從去年的6%跌至4%以下。IIF同時也調降美國經濟成長率預估值、預期第2季將因「2019年新型冠狀病毒疾病(COVID-19)」的潛在衝擊而呈現停滯。 油價在IIF上週發布報告後出現急劇下跌、進而改變了形勢，增加了美國信貸壓力的風險，並讓IIF的美國預估值逼近經濟衰退領域。IIF擔心，在COVID-19疫情的帶動下，全球融資的「突然停止」正在開始出現。IIF報告強調，貨幣和財政寬鬆措施是可喜的緩解劑(只能治標)，最終只有各國一致採取檢測和遏制措施才能緩解市場的「恐懼因素」並激發全球需求。英國金融時報週五報導，標準普爾500指數剛剛創下史上最快步入熊市的紀錄、僅花16個交易日(2020年2月20日至3月12日)的時間，超越1929年所寫下的舊紀錄。標普五百指數週四大跌9.5%、創1987年10月黑色星期一以來最大單日跌幅，同時也寫下1928年以來第五大單日跌幅。MarketWatch資深專欄作家Rex Nutting 3月3日指出，貨幣政策無力令全球供應鏈恢復正常。此外，對抗疫情將導致經濟暫時放緩，因為人們需要自我隔離，這阻礙了貨幣政策刺激需求的能力。簡單來說，為了防止病毒在人群中傳播，很多人需要待在家裡。聯準會(FED)主席鮑爾(Jerome H. Powell)3月3日在記者會上坦承，FED知道降息不會降低疾病感染率、也無法解決供應鏈破裂的問題，FED知道自己沒有所有的答案。中國人民銀行去年底透過《中國金融穩定報告(2019)》指出，根據2018年底針對30家大中型商業銀行進行的償付能力、流動性風險壓力測試，就重度衝擊情境(GDP年增率降至4.15%)而言、30家參試銀行當中有17家未通過壓力測試。＊編者按：本文僅供參考之用，並不構成要約、招攬或邀請、誘使、任何不論種類或形式之申述或訂立任何建議及推薦，讀者務請運用個人獨立思考能力，自行作出投資決定，如因相關建議招致損失，概與《精實財經媒體》、編者及作者無涉。MoneyDJ 新聞 2020-03-13 15:14:32 記者賴宏昌     報導
外資大逃亡！疫情爆發後 新興股債遭賣超417億美元,2020-03-13,武漢肺炎疫情痛擊新興市場，外資爭相逃亡，出脫的新興市場部位，遠超過全球金融海嘯剛爆發之時。MoneyDJ XQ全球贏家系統報價顯示，iShares MSCI新興市場ETF(iShares MSCI Emerging Markets ETF，代號EEM.US)，週四(12日)跳空狂瀉10.01%收33.71美元。和1月13日波段收盤高點的46.30美元相比，慘摔27%金融時報12日報導，國際金融協會(Institute of International Finance，簡稱IIF)數據顯示，1月21日全球市場開始警覺到新型冠狀病毒的風險，這51天以來，外資賣超新興股債417億美元。作為對照，2008年9月8日全球金融海嘯剛爆發的前51天，新興股債失血額只有今年這51天的一半。IIF首席經濟學家Robin Brooks說：「這個數字非常龐大，代表新興市場的金融狀況會再次急遽緊縮。」外資主要從新興股市提款，放過新興債市，可能是因為投資人擔心今年全球經濟將放緩，新興經濟體會受劇烈衝擊。外資持有中國公債部位 創空前高值得注意的是，外資似乎把中國公債當成避風港，持有部位創空前新高。外資透過債券通進入中國公債和政策銀行證券市場，2月份注資人民幣750億元(108億美元)。外資持有的人民幣計價主權債部位，總額增至人幣2.27兆元，打破歷史紀錄。南華早報、金融時報5日報導，通常市場動盪時，投資人會奔向美元和日圓避險，但是這兩國疫情升溫，似乎減損了避險魅力。AxiCorp首席市場策略師Stephen Innes表示，投資人對中國股匯興趣濃厚，部份原因是疫情變化。他說：「恐懼情緒轉移至歐洲、可能也轉向美國，這些國家開始更積極篩檢患者。市場尋找其他避風港(例如中國)。」不過Innes坦承，許多資金仍留在場邊，需要時間觀察全球疫情發展。Innes並指出，2月28日摩根大通(小摩)把陸債加入新興市場債市指數，追蹤該指數的被動基金必須隨之調整，預料會吸引200億美元的外資進入中國在岸債。＊編者按：本文僅供參考之用，並不構成要約、招攬或邀請、誘使、任何不論種類或形式之申述或訂立任何建議及推薦，讀者務請運用個人獨立思考能力，自行作出投資決定，如因相關建議招致損失，概與《精實財經媒體》、編者及作者無涉。MoneyDJ 新聞 2020-03-13 15:06:12 記者陳苓 報導
研調：新冠肺炎全球大流行 記憶體市況恐於Q3提前反轉,2020-03-13,TrendForce記憶體儲存研究(DRAMeXchange)表示，雖然中國疫情看似趨緩，然中東、歐洲與美國疫情急速擴散，世界衛生組織(WHO)已正式宣佈新冠肺炎成為全球大流行傳染病，將讓全球經濟陷入系統性風險，記憶體市場恐怕提前反轉進入不景氣週期。從需求來看，新冠肺炎的大流行將嚴重衝擊經濟與社會活動，並進一步影響個人消費力道；而終端產品的出貨下滑，勢必將造成記憶體需求同步下修。今(2020)年第一季與第二季DRAM與NAND Flash均價仍維持上漲，主要是因為年初客戶端庫存水位偏低，雖在價格走勢持續上揚的前提下，採購備貨意願強烈，然TrendForce認為，真正的挑戰會從第三季開始，隨需求萎縮導致庫存去化不易，將大幅削弱客戶端採購力道，使價格漲幅受抑制，在NAND Flash領域更可能由漲轉跌。全球經濟降溫、消費者信心下滑，終端產品需求將持續下修。TrendForce指出，隨著疫情蔓延使全球經濟降溫，對消費性電子產品的衝擊為：一、個人所得可分配支出轉為保守，導致需求遞延，平均消費金額將下降；二、受疫情影響，產業供應鏈物流及人事成本增加，營收減少，產業更可能面臨洗牌。目前影響DRAM與NAND Flash的三大終端產品為筆記型電腦、伺服器以及智慧型手機，其中智慧型手機將面臨最大幅度的下修。雖然近期出現自農曆過年以來較明顯的通路銷售(sell through)回溫，但這股動能可能無法延續，實際上智慧型手機生產量仍持續下修。在伺服器方面，目前因為遠距辦公與教學的需求帶動而有增溫，且雲端建置的動能未有熄火，因此整體而言目前未有明顯衝擊；但在企業方面，因應疫情所以多轉趨保守經營，料將收斂資本支出，未來企業級(enterprise)伺服器需求可能將轉趨疲弱。今年DRAM及NAND Flash的供給增加有限，預估年成長幅度分別僅13%及32%，加上客戶庫存水位大多處於低檔，因此TrendForce原預估，價格漲勢可延續至今年年底，然隨需求出現結構性改變，從第二季末開始，採購端拉高庫存的力道將萎縮，進而影響下半年價格走勢。在DRAM領域，由於原本供需差距就大，所以就算需求面臨下修，供需依舊會有缺口，因此最悲觀預估是下半年漲幅收斂，但不至於由漲轉跌。反觀NAND Flash領域，供需缺口並不顯著，而且已經觀察到第二季客戶端需求轉弱的狀況，若需求持續下修，下半年價格可能快速反轉。MoneyDJ 新聞 2020-03-13 15:03:33 記者新聞中心 報導
週五午盤亞股跌幅縮、道指期貨翻紅！但走勢仍震盪,2020-03-13,週四(12日)美國道瓊工業指數狂殺9.99%、創下1987年以來最猛烈的單日跌幅。週五早盤，美股期指和亞股殺聲隆隆，不過午盤過後，走勢反轉向上，道瓊指數期貨飆高600點，亞股也跌幅大為收斂。但是情勢仍極為震盪，難以確定後續走向。
不能再自豪了！美股崩跌 川普上任來市值漲幅歸零,2020-03-13,"先前美股延續長達11年的多頭態勢，今年2月初前，標普500指數與道瓊指數屢創新高，美國總統川普(Donald Trump)也經常自豪地談論，美股在他任內不斷飆漲。然而，隨著美國的武漢肺炎疫情開始升溫，美股走勢直線跳水，讓川普上任以來的巨額市值漲幅消失殆盡。Business Insider報導，今年2月19日，標普500指數上漲至3,386.15點，創歷史收盤新高，但受疫情風險影響，加上石油輸出國家組織(OPEC)與俄羅斯爆發油價戰，美股行情急轉直下，在3月9日及12日二度觸發熔斷機制(標普500指數跌幅超過7%，全美證券交易所暫停交易15分鐘)，市場恐慌程度直逼2008年金融海嘯時期。3月11日晚間，川普發表電視談話，宣佈自13日午夜起，禁止14天內具歐洲26個申根國家旅遊史的所有旅客入境，為期30天。這項禁令引發市場動盪，12日標普500指數暴跌9.51%至2,480.64點，較高點下跌20%，跟隨道瓊指數前一日的腳步，跌入蕭條熊市。追蹤美國市值前3,000大上市企業表現的羅素3000指數(Russell 3000 Index)顯示，截至12日上午，美股總市值降至23.8兆美元，與2月19日美股行情高點相比，總市值減少高達11.5兆美元，等於回復到川普2016年勝選時的市值規模。為支撐受疫情衝擊的經濟，3月3日Fed召開臨時會議，將聯邦基金利率目標區間下調0.5個百分點，降至1.00%至1.25%，為2008年金融危機以來首次緊急降息，降息幅度也是2008年以來最大。在此之前，川普政府對於疫情輕描淡寫。CNBC 2月25日報導，2月24日標普500指數和道瓊指數分別大跌3.35%、3.56%，創2018年2月8日以來最大單日跌幅，且隔日又再度大跌。當時，白宮經濟顧問庫卓(Larry Kudlow)還建議投資人逢低投入股市，因疫情的恐慌效應遲早會消退。CNBC 12月26日報導，根據Bespoke Investment Group自1928年以來統計的數據，2016年11月川普當選美國總統，截至去年12月，3年來標普500指數累計大漲逾50%，為歷任美國總統執政3年期間平均漲幅23%的兩倍以上，寫下歷屆總統任內的最佳表現。＊編者按：本文僅供參考之用，並不構成要約、招攬或邀請、誘使、任何不論種類或形式之申述或訂立任何建議及推薦，讀者務請運用個人獨立思考能力，自行作出投資決定，如因相關建議招致損失，概與《精實財經媒體》、編者及作者無涉。MoneyDJ 新聞 2020-03-13 13:58:17 記者李彥瑾 報導"
需求面疑慮加深！兩美系外資降台積電目標價,2020-03-13,美系外資發布最新報告指出，因武漢肺炎疫情對終端需求的影響程度可能超出預期，恐拖累晶圓代工龍頭台積電(2330)，因此將台積電目標價調降至350元，但維持買進評等；另一美系外資則指出，雖然目前半導體供應鏈尚未出現明顯砍單，但未來2到3個月恐面臨訂單下修，因此將台積電目標價下修至335元，但亦重申加碼評等。台積電今日股價一度重挫逾7%，但尾盤有買盤進駐拉抬，終場跌幅收斂至1.36%，收在290元。美系外資在報告中指出，原先看好台積電今(2020)年可受惠5G、雲端及物聯網(IoT)等趨勢、庫存回補需求與高效能運算市占攀升，且台積電在晶圓代工的領導地位難以被取代，不過，武漢肺炎的疫情爆發後，對終端需求的影響程度似乎超出預期，因此，將台積電2020年、2021年每股盈餘(EPS)預估調降3.1%、1.5%至16.09元、18.4元，目標價則由365元降至350元，但仍重申買進評等。另一美系外資則表示，雖然目前半導體供應鏈還未出現明顯的砍單現象，但是預期未來2到3個月恐無可避免地面臨訂單下修，主因是中國大陸第一季市場需求放緩，且未來數個月歐、美需求也可能下滑，因此，將台積電2020年全年營收成長率預估由22%下修至20%，目標價由370元調降至335元，但仍重申加碼評等。＊編者按：本文僅供參考之用，並不構成要約、招攬或邀請、誘使、任何不論種類或形式之申述或訂立任何建議及推薦，讀者務請運用個人獨立思考能力，自行作出投資決定，如因相關建議招致損失，概與《精實財經媒體》、編者及作者無涉。MoneyDJ 新聞 2020-03-13 13:56:49 記者新聞中心 報導
防堵疫情 台積電門禁擴大到歐洲,2020-03-13,"新冠肺炎(COVID-19)疫情從亞洲急速蔓延到歐美國家，歐洲成為疫情重災區。繼中港澳、日韓後，台積電(2330)要求近期到過歐洲國家的供應商禁止進入台積廠區，相關人員必須隔離14天確定身體無虞(未感染)者，才可以入廠，該政策自3月12日生效。新冠肺炎比WHO(世界衛生組織)原先預期中還要失控，除亞洲外，第一世界國家同樣面臨疫情的險峻挑戰，包括義大利、德國、法國陸續淪陷。而名人也躲不過病毒侵害，加拿大總理杜魯道（Justin Trudeau）的夫人蘇菲（Sophie Gregoire Trudeau）也傳出確診消息，讓恐慌情緒持續飆升。有鑑於歐洲疫情擴大，台積電近日通知供應商，若近期到過歐洲，將禁止進入公司廠區，須隔離14天確定無恙才可入廠。法人分析，由於歐洲供應不少關鍵設備及材料(如荷商ASML、德國默克Merck )，在此限制下，供應商來台裝機、開會或將受到影響。台積電2月營收約為933.94億元，月減9.9%、年增53.4%，雖創下7個月來低點，但為同期高，累計1-2月營收1970.78億元、年增41.8%。根據公司財測，以1美元兌新台幣29.9美元匯率，來預估第一季營收並以美元計，單季營收估102~103億美元(3049.8 億元~3,079.7億元)，略低於2019年第四季(103.9億美金)；毛利率估48.5~50.5%、營業利益率37.5%~39.5%。法人表示，目前台積電並未下修財測，依此推算，3月業績達到約1,079億元的歷史新高，可符合財測低標。儘管疫情為全球需求帶來短期變數，然台積電擁有高市占及技術實力，在先進製程接單上遙遙領先對手，受傷程度將相對輕微，且將受惠於AI、5G等長期趨勢，在逆風中仍可站穩腳步。MoneyDJ 新聞 2020-03-13 13:11:23 記者王怡茹 報導"
防疫優先！立院三讀通過600億紓困特別預算,2020-03-13,立法院院會今(13)日上午三讀通過行政院提出的「中央政府嚴重特殊傳染性肺炎防治及紓困振興特別預算案」，包含防治經費196億元和紓困振興經費404億元，總計600億元；因朝野黨團防疫優先具共識，院會今日並未進行表決，在各黨團無異議下順利完成三讀程序，預算亦一毛未刪。立法院院會三讀通過「中央政府嚴重特殊傳染性肺炎防治及紓困振興特別預算案」，總計600億元預算，其中的重要細項包括防疫補償金18.2億元，餐飲、零售、商圈、市場的消費優惠措施(抵用券)20億元，以及補助民眾於藝文場所消費3億元等。根據主計總處說明，本次的600億元特別預算案，其中300億元為移用前年度歲計賸餘，另外300億元仰賴舉債支應；其用途可分為196億元防治經費與404億元紓困、振興經費。MoneyDJ 新聞 2020-03-13 12:50:53 記者新聞中心 報導
求現金渡難關！企業爭領循環信用額度 銀行開緊急會議,2020-03-13,美股連日狂瀉，道瓊工業指數週四(12日)創下1987年來最猛烈的單日跌幅，企業尋求資金支撐流動性，紛紛向銀行提款。銀行為了應付龐大資金需求，緊急召開會議。
川普失算、英國將成防疫缺口？加國總理夫人確診染病,2020-03-13,"CNBC週四(3月12日)報導，加拿大總理杜魯道(Justin Trudeau；見圖：中立者)的妻子蘇菲(Sophie Gregoire；見圖：右立者)已確診染上「2019年新型冠狀病毒疾病(COVID-19)」。加拿大總理發言人Cameron Ahmad透過推文表示，總理夫人症狀仍屬輕微、正採取所有建議的預防措施，將會暫時自我隔離。此外，杜魯道本人身體狀況良好、沒有出現任何症狀。推文指出，基於預防措施以及醫生的建議，杜魯道將自我隔離14天。此外，根據醫生的建議，杜魯道目前將不會進行檢測、因為他並未出現症狀。杜魯道將於週五發表全國談話。華爾街日報週四報導，蘇菲最近剛結束倫敦的演講活動行程，她在週三晚間出現包括輕微發燒在內的溫和類流感症狀。杜魯道辦公室週四晚間發布聲明稿表示，加拿大總理將繼續充分履行職責。醫生說，最近與杜魯道接觸過的人群沒有風險，因為他沒有出現症狀。加拿大目前已有超過100人確診感染冠狀病毒、1人因染病而死亡。嘉實XQ全球贏家報價系統顯示，截至台北時間3月13日中午12時26分為止，美元兌加幣升值0.05%至1.3913，開盤迄今最高升至1.3947、創2016年2月12日以來最高。Thomson Reuters報導，Refinitiv報價系統顯示，標準普爾/加拿大TSX綜合指數3月12日暴跌12.34%、收12,508.45點，創2016年2月12日以來收盤新低，跌幅創1979年6月開始統計以來最高。英國衛報報導，美國總統川普(Donald J. Trump；見圖：左立者)週三表示，針對歐洲實施的30天入境禁令不包括英國。英國政府首席科學家Patrick Vallance週四表示，英國真正的確診人數可能介於5,000-10,000人之間。英國金融時報報導，英國首相強森(Boris Johnson)週四表示，根據專家的建議、現階段關閉學校是弊大於利。《外交政策》週四報導，柳葉刀(Lancet)醫學雜誌編輯Richard Horton推文表示，英國領導人聲稱他們正依循科學證據，但這不是事實。他指出，明確證據顯示英國必須趕快執行降低社交接觸以及封鎖的政策。他痛批，英國政府正與大眾玩輪盤賭博遊戲。英國媒體《The Canary》報導，英國FTSE 100指數週四創下史上第二大單日跌幅，暴跌幅度僅次於1987年10月20日的12.2%跌幅。＊編者按：本文僅供參考之用，並不構成要約、招攬或邀請、誘使、任何不論種類或形式之申述或訂立任何建議及推薦，讀者務請運用個人獨立思考能力，自行作出投資決定，如因相關建議招致損失，概與《精實財經媒體》、編者及作者無涉。MoneyDJ 新聞 2020-03-13 12:33:59 記者賴宏昌     報導"
WSJ調查：疫情恐使美國第二季經濟陷入衰退,2020-03-13,"武漢肺炎疫情在美國迅速蔓延，使美國經濟前景不確定性上升。接受《華爾街日報》調查的經濟學家普遍預計，美國第二季經濟成長率將陷入衰退，聯準會(Fed)將在未來數週和數月內進一步降息，為經濟提供支撐。《華爾街日報》12日報導，根據3月6日至10日對55名經濟學家進行的調查，受訪經濟學家平均預測，今年第二季(4-6月)，美國國內生產毛額(GDP)成長年率將衰退0.1%，遠低於2月調查的平均預估值(成長1.9%)。不過，經濟學家研判，美國可望躲過技術性衰退，定義是連續兩季GDP呈現下滑。受訪經濟學家預計，美國第一季經濟成長率估為1.3%，低於2月調查的1.6%；第三季經濟估計成長1.2%，亦低於2月所預測的2%。調查顯示，經濟學家高度預期Fed將再度降息，以應對武漢肺炎疫情。高達94.4%的受訪經濟學家認為，Fed的下一步行動是降息，其中77.8%預測Fed會在3月17至18日的例行會議宣佈降息，約20.4%預測會在4月28日至29日的例行會議降息。在2月的調查中，只有55%的經濟學家認為Fed接下來會採取降息。今年3月3日，Fed召開臨時會議，將聯邦基金利率目標區間下調0.5個百分點，降至1.00%至1.25%，為2008年金融危機以來首次緊急降息，降息幅度也是2008年以來最大。根據美國約翰·霍普金斯大學系統(Johns Hopkins University)科學與工程中心(CSSE)公佈的統計資料，截至台北時間13日上午7時44分，全球武漢肺炎確診病例突破12.8萬人，造成4,720人死亡。路透社9日報導，聯合國貿易和發展組織(The United Nations Conference on Trade and Development，UNCTAD)發表最新報告指出，受武漢肺炎疫情衝擊，2020至2021年全球外商直接投資(Foreign Direct Investment，FDI)金額可能衰退5%-15%，遠低於1月預測的小幅成長5%，其中以汽車、航空及能源業降幅最大。＊編者按：本文僅供參考之用，並不構成要約、招攬或邀請、誘使、任何不論種類或形式之申述或訂立任何建議及推薦，讀者務請運用個人獨立思考能力，自行作出投資決定，如因相關建議招致損失，概與《精實財經媒體》、編者及作者無涉。MoneyDJ 新聞 2020-03-13 12:18:21 記者李彥瑾 報導"
《DJ在線》聯準會急降息 壽險業三面向挑戰大,2020-03-13,刺激經濟，聯準會三月初突如其來降息兩碼，市場預期，今年至少還有1-2次的降息機會，聯邦基準利率恐逼近零利率；一向對利率最為敏感的壽險業，包括隱含價值預期值的壓縮、投資團隊的資產配置能力與新契約保單的走向等，在在都是挑戰。聯準會3月初突然降息兩碼，市場愕然，不過越來越多數據證實，全球企業在此波疫情籠罩與油價大跌的環境下，恐進入新一波緊縮週期，全球政府勢必得祭出一系列寬鬆貨幣政策與財政政策，刺激經濟；市場氛圍多認為，聯準會將有更快速的動作因應，基準利率恐逼近零，落至金融海嘯期水準，包括英國央行也已跟進降息，國內央行下周理監事會同樣被認為，應該會有降息半碼至一碼動作。【壽險業挑戰一：隱含價值投報率下調】對利率最為敏感、影響資產最鉅的金融次族群，當屬壽險業，恐面臨三面向的挑戰。首先將壽險淨值、保單價值與資金成本等綜合考量入內的隱含價值方面，計算時都要先有一個投報率假設，該投報率的假設，需參考無風險利率、過去投報率表現等，假設無風險利率下調，各家壽險業賺利差為主的固定收益配置，報酬率理應也會同向變動，在全球利率環境驟變下，不排除長期精算師或各家分析師將下調壽險隱含價值的投報率假設，造成該價值的負面變動。根據各家壽險業揭露2018年底的最新隱含價值來看，六大壽險業若將投報率假設下調一碼(0.25%)，隱含價值都會減少一成以上，部分因利率敏感資產的比重不同，最高減幅甚至有超過兩成者，對隱含價值算是不小傷害。雖部分壽險業者與法人認為，隱含價值的投報假設是長期基礎，不會像短期利率波動如此劇烈，但因此次全球指標的美國公債與基準利率驟減，即便各家壽險投報率假設不見得即時更動，但各家分析師計算模組恐也會調整，不利隱含價值評價。【壽險業挑戰二：固定收益率降 資產配置考驗投資團隊】另一個對壽險業的挑戰是，目前各家壽險業至少都有五成以上投入在海外固定收益債券，雖美國公債近年利率已不具吸引力，再加碼投資有限，取而代之的是投資等級的公司債、金融債等，但根據市場報價，目前最低投資等級的公司債，最新投報率也僅存2-2.5%間，Double/Triple A可能都已經跌破2%關卡，相較於過往市場認知投資等級的利差商品，投報率至少還有3%，差距不小，假設再扣除近年壽險業平均的避險成本，大概也需要0.8-1個百分點，海外固定收益商品能對壽險業整體利差損的改善，功能性降低，如果還需考量總經風險，是否可能造成如能源公司等特定產業的違約率拉高，固定收益商品的投資難度陡增，若還處於利差損的公司，壓力更沉。無風險利率環境變得太快，各家壽險業的投資團隊恐怕也很難以靜制動，只是業者也透露，壽險業投資首重資產負債平衡，因此固定收益的商品，不少都放在無活絡市場的持有到期，不需要採取市價評估，影響損益或淨值，但歸類於該項目的金融資產，也不適合頻繁交易，壓縮能實現短期獲利的資產池。另個問題是，若海外固定收益商品的報酬率降低，壽險業過去每年要增加約一成的新契約保單收入，如何消化，可能才是最大問題。【壽險業挑戰三：保單結構面臨長期改變】事實上，因為金管會去年底已強制出手，限縮利變型商品的銷售，今年各家壽險業的新約保單勢必有很大改變，可以預期的改變是，初年度保費恐較明顯年減，而傳統保障型的佔比將拉高。這個情況如果發生在前幾年，壽險業恐叫苦連天，但如果發生在連壽險業都很難有效去化資金下，可能也不見得是壞事。只是壽險業者分析，如果美國基準利率逼近零，台灣下周也跟進降息，恐怕連30年公債殖利率都將面臨0.5%考驗戰；類似的發展經驗，業者點出歐洲與日本長期零利率或實質負利率的趨勢，保險業的收入結構就不會像台灣高度仰賴利差，而是回歸死差與費差，也就是保險業在傳統壽險商品的風險評估與保單設計上，將與壽險業的長期獲利能力更直接連動。        表、各壽險業資產/隱含價值數據 資料來源:各家法說會資料  MoneyDJ 新聞 2020-03-13 11:54:50 記者蕭燕翔 報導
日經創30年來最大盤中跌點！日銀挹注5千億日圓穩市,2020-03-13,"武漢肺炎(COVID-19)疫情擴散、股災來襲，於3月11日摔進熊市(自前波高點拉回20%)的美國道瓊指數12日再暴跌9.99%(跌2,352.60點)，創1987年10月「黑色星期一」股災以來的單日最大跌幅。而日本股市今日(13日)也災情慘重，日經225指數創30年來最大盤中跌點，也讓日本央行(日銀、BOJ)為了抑制市場動盪、宣布將對短期金融市場挹注5,000億日圓資金。根據日經新聞網站的報價顯示，截至台北時間13日上午11點31分為止，日經225指數暴跌8.97%(跌1,663.92點)至16,895.71點，為4年3個月來(2016年11月10日以來)首度跌破1.7萬點整數關卡，稍早最慘一度暴跌10%(暴跌1,868點)。每日新聞報導，日經225指數13日盤中一度暴跌超過1,860點、創約30年來(1990年4月2日以來、盤中最重暴跌1,978點)最大盤中跌點。NHK、時事通信社報導，隨著武漢肺炎疫情擴散、全球股市持續暴跌，為了抑制市場動盪，日銀13日宣布將藉由收購國債(JGB)等形式對短期金融市場挹注5,000億日圓資金。此為日銀繼3月2日、3日之後，本月來第3度對市場挹注大量資金。日銀曾於3月2日發布名為「總裁談話」的新聞稿：日銀總裁黑田東彥表示，最近日本國內外金融資本市場上，因武漢肺炎疫情擴散、導致經濟前景不明感攀升，持續呈現不安動向，而日銀將關注今後動向，藉由實施適當的金融市場調節及資產收購措施，致力於供應充沛資金及確保金融市場穩定。日銀緊急發表「總裁談話」新聞稿實屬罕見，此次的「總裁談話」為2016年6月受英國脫歐問題、與日本財長發表「談話」以來首遭。共同通信3月10日報導，因武漢肺炎擴散、衝擊日本股市近來慘跌，因此為了穩定市場，日銀正進行評估、考慮加碼寬鬆，有意將作為貨幣寬鬆政策一環的ETF收購額規模自現行的每年約6兆日圓進行擴大。日銀將在3月18-19日召開金融政策決策會議(貨幣會議)。＊編者按：本文僅供參考之用，並不構成要約、招攬或邀請、誘使、任何不論種類或形式之申述或訂立任何建議及推薦，讀者務請運用個人獨立思考能力，自行作出投資決定，如因相關建議招致損失，概與《精實財經媒體》、編者及作者無涉。MoneyDJ 新聞 2020-03-13 11:37:56 記者蔡承啟 報導"
FED將挹注1.5兆美元 如重啟QE！小摩：零利率快要成真,2020-03-13,美國公債市場失常、流動性奇缺。美國聯準會(FED)將注資1.5兆美元、並重開量化寬鬆(QE)大門，避免交易情況繼續惡化，引發更激烈的經濟萎縮。
《DJ在線》在家上班後，伺服器晶片火熱,2020-03-13,受到新冠肺炎疫情影響，不少企業因應防疫，讓員工在家上班，除了如何讓工作更有效率之外的討論，也帶動伺服器產業再次被喚醒。不少企業向雲端廠商(亞馬遜、Google等)購買雲端服務，也讓數據量暴增的今天，帶動伺服器產業未來發展前景。台灣晶片設計廠商也隨著趨勢而起，包含信驊(5274)、新唐(4919)、創意(3443)、世芯-KY(3661)等。免疫！疫情不影響伺服器產業伺服器產業近年維持成長態勢，儘管2019年受到貿易戰壓抑需求，企業投資趨於保守，因此成長幅度趨緩，但2020年5G基礎建設布建之下，應用面也將逐步成熟，企業數位轉型趨勢也蔚成趨勢，因此伺服器產業將加速成長。市場也預期，儘管2020年開春就受到疫情影響，但不減雲端大廠對資料中心需求，資本支出展望並沒有下修，反倒是疫情帶動遠距工作、線上服務等需求，雲端基礎建設需求有增無減。就生產面來說，伺服器產業比起消費性電子產品，反映中美貿易戰更快、更敏銳，因此2018年~2019年期間，為降低關稅衝擊，供應鏈陸續搬往非中國地區進行生產，像是台灣、歐洲、墨西哥等，因此組裝產能的配置與生產相對免疫。儘管伺服器當中的部份組裝產能都已經連同組裝廠移出，但仍有部分零組件位於中國，因此短期仍具出貨不利因素。但是對於晶片設計廠商來說，作為關鍵零組件，加上交期受限於代工、封測等時間難以壓縮，因此對伺服器客戶來說，晶片下單、拉貨都不能停。Intel、AMD競合火熱英特爾(Intel)在2月底發布第二代Intel Xeon可擴充處理器，比起前一代效能更佳優化，而Intel的資料中心平台涵蓋範圍從雲端到網路、再到AI邊緣運算等，目前位居市場龍頭地位。競爭同業超微(AMD)也隨即在3月5日公布全新產品技術，當中除了新一代伺服器晶片Zen 4 EPYC Genoa處理器之外，更發表分別針對客戶端與資料中心市場的CPU與GPU產品規劃藍圖，當中特別的是，AMD發表全新CDNA資料中心專屬GPU架構，試圖向GPU大廠Nvidia寄出挑戰書。顯見CPU兩大廠Intel和AMD的競合更加激烈，畢竟伺服器市場大，人人都想分一杯羹，根據業內人士分析，近年AMD試著從PC市場跨足伺服器市場，推出高端晶片應戰，AMD市佔率確實有提升的趨勢，像是美國資料中心客戶也開始採用AMD方案，ODM廠商也有一些開始進入測試，粗估AMD伺服器市占率可從2019年3%增加到2020年5~10%。伺服器儲存資料之外，還能做甚麼?對於中小型企業來說，伺服器的架設往往是為了讓公司資料能夠有地方儲存、備份、管理系統等，甚至做初步的資料分析。但是企業端要向品牌伺服器購買並不容易，維護成本大，因此選擇向雲端大廠購買雲端服務變得更容易入手，像是亞馬遜、Google等，也帶動雲端資料中心對於伺服器需求提升。而在5G、AI趨勢之下，伺服器這顆超級大腦，擁有了晶片廠商不斷推展的效能技術，加上5G頻寬之下，能夠傳輸大量資料，因此也讓伺服器能夠應用在像是自駕車、遠端醫療等等。甚至有了AI的功能，而當中最為重要的便是邊緣運算，透過即時的資料處理與分析，降低資料上傳的資訊安全風險，以及延遲程度更為降低。就軟體的角度來說，AI分成訓練(Training)、推論(Inference)兩種類型，例如透過大數據訓練與蒐集，再將資料丟入伺服器處理後，進而推論並改變後續的行為。這些對於部分企業來說，能夠改變進一步了解公司狀況，甚至改變後續營運策略。台廠跟著潮流往前走，不少廠商受惠台灣晶片設計廠商也隨著趨勢而起，包含信驊、新唐、創意、世芯-KY等。伺服器管理晶片(BMC)廠商信驊穩居全球龍頭地位，與伺服器產業有直接的關係，所謂的BMC就是負責管理資料流量、協助CPU運作、遠端管理、故障預測、效能調教等，與主晶片規格開發緊密。而MCU廠商新唐也積極發展BMC產品，並且與DELL關係緊密，更在2019年打入Google供應鏈，目前新唐也持續推廣其他資料中心客戶，最快2020年將談成，盼2022年發酵。業內人士也透露，目前BMC產品開發，會以產品效能提升為主要目標，對於客戶來說選擇也更多元，陸續跳脫以往先選定搭載的CPU平台，再進行開發的策略，甚至每代BMC產品多數都能搭載CPU前後兩代產品使用，讓客戶使用更彈性。除了BMC之外，台灣設計服務廠商創意、世芯-KY則以ASIC(客製化晶片)打入不少伺服器客戶，業內人士表示，目前市場上AI機器學習，超過8成採用GPU，ASIC、FPGA則各佔1成左右，預期未來ASIC將陸續取代GPU。創意在2019年打進國際知名網路服務領導廠商與系統製造商，預計將在2020年進入量產，另外也有約3~4個資料中心相關開發案進行中，後續將陸續進入量產。世芯-KY則與中國CPU客戶合作緊密，產品應用於中國自產伺服器與PC，另外也與北美、以色列等AI客戶有不少開發案正在進行中，甚至已經拿下5nm開發案。整體而言，伺服器產業成長趨勢明確，也是國際大廠爭相搶食的大餅之一，台灣相關供應鏈無論是在BMC或者ASIC的開發案也維持暢旺，讓在疫情逐步蔓延的陰霾之下，成為少數能夠受疫情影響程度較低，2020年展望具有不錯營運動能，展望相對正面樂觀，後續可持續追蹤產業變化。MoneyDJ 新聞 2020-03-13 11:17:52 記者趙慶翔 報導
英國恐將有50萬人死於病毒，英股創史上第二大跌幅,2020-03-13,"英國衛報週四(3月12日)報導，英國政府表示，多達10,000人可能已經感染了冠狀病毒，許多人可能會失去親人。英國目前的確診病例為590例、死亡為8例。英國政府首席科學家Patrick Vallance週四表示，真正的確診人數可能介於5,000-10,000人之間。他說，義大利死亡病例已突破1千例，英國軌跡大約落後義國4週。英國首席醫療官Chris Whitty指出，在最壞的狀況下，英國人口可能會有高達80%感染冠狀病毒，以1%的致死率來計算、死亡人數將超過50萬人。英國首相強森(Boris Johnson)表示，因為缺乏免疫力，「2019年新型冠狀病毒疾病(COVID-19)」比季節性流感更危險。強森說，英國距離最危險時期還有數週時間，建議70歲以上人群不要搭乘郵輪、學校不要帶學生出國。英國金融時報報導，強森表示，根據專家的建議、現階段關閉學校是弊大於利。英國前衛生部長Jeremy Hunt在接受《Channel 4 News》專訪時呼籲政府採取更為激進的措施，包括禁止訪客造訪養老院。他說，泰國、台灣等國家都已採取類似的防疫行動。 現年53歲的英國電信(BT)執行長Philip Jansen週四下午確診感染冠狀病毒，導致BT股價當日暴跌12%、收107.25便士，創2009年新低。Whitty指出，英國疫情可能在10-14週後達到最高峰。英國保守黨議員Nadine Dorries本週稍早成為首位檢測呈現陽性的英國國會議員。英國衛生與社會照護部3月3日發布政策文件指出，在最嚴重情況下，英國企業可能會有五分之一員工因為冠狀病毒疫情而無法到公司上班。Refinitiv報價系統顯示，英國FTSE 100指數週四大跌10.87%、收5,237.48點，創2011年11月25日以來收盤新低。英國媒體《The Canary》報導，英國FTSE 100指數週四創下史上第二大單日跌幅，暴跌幅度僅次於1987年10月20日的12.2%跌幅。  因應冠狀病毒所引發的經濟衝擊，英國央行(Bank of England, BOE)週三宣布將銀行利率調降兩碼(50個基點)至0.25%。嘉實XQ全球贏家報價系統顯示，道瓊英國參考指數連續第6個交易日收低，3月12日大跌10.74%、收236.37點，創2012年6月26日以來收盤新低，今年迄今下跌30.37%。＊編者按：本文僅供參考之用，並不構成要約、招攬或邀請、誘使、任何不論種類或形式之申述或訂立任何建議及推薦，讀者務請運用個人獨立思考能力，自行作出投資決定，如因相關建議招致損失，概與《精實財經媒體》、編者及作者無涉。MoneyDJ 新聞 2020-03-13 10:56:44 記者賴宏昌 報導"
《DJ在線》從油價、PB值、易變現價值、殖利率看塑化,2020-03-13,OPEC+會議未達成進一步減產協議，布蘭特原油直接摜破50美元大關，近日更下探3字頭，油價短期震盪加大，塑化族群Q1幾乎都有跌價損失的議題，而Q2旺季也難期待，但仍可試著找出中期供需結構較好的產業或產品，如PVC、ABS、EVA族群，或是體質較佳的，像是台塑(1301)，待塑化拐點來臨，將更有機會反彈。 (整理、製圖:鄭盈芷/MoneyDJ)油價發生什麼事?如何看油價?油價下跌幾乎都與供給面較有關，2016年油價也曾一度暴跌，主要係擔憂伊朗經濟市場解禁，將使石油供給更為過剩，也同樣引發歐美股市重挫，不過這次油價在短短3天就跌掉3成，格外怵目驚心。分析師指出，沙國原油成本約10~20美元/桶，俄羅斯則約30美元/桶，而美國頁岩油則在40美元/桶以上，不過因能源產品佔沙國GDP比重最高，三方角力難料，但拖久了勢必都會受創，目前看布蘭特原油中期的大底仍在50美元/桶，但短期看油價則缺乏大幅回升空間。2016年油價維持40~50美元/桶低檔，對於當時塑化產業是個甜蜜點，主要係因下游需求不差，低油價反而帶來不錯的利差空間；不過本次油價大幅走弱係在去年貿易戰打壞全球需求、又加以武漢肺炎讓經濟前景更難預料，塑化需求並不樂觀，短期利差仍受壓，而且有庫存跌價損失的風險，台塑化(6505)首當其衝。台塑化PB值探歷史低點，PVC、EVA、ABS中期結構有撐值得注意的是，台塑化目前PB值已跌到掛牌以來低點，分析師認為，低硫油趨勢將帶動柴油利差加大，台塑化中期基本面仍相對有支撐。而中期供需結構較好的產品則包括PVC、EVA、ABS，相關類股有台塑、亞聚(1308)、華夏(1305)；至於SM、EG則因近幾年中國持續擴產，面臨供給過剩問題，仍較為不利，較具代表性的廠商則有國喬(1312)、台苯(1310)與南亞(1303)。台塑四寶PB值與每股易變現價值  近20年PB值區間  每股易變現價值  台塑(1301) 1.27~2.74倍  39.03元  南亞(1303) 0.79~2.93倍  19.79元  台化(1326) 0.99~2.42倍  41.19元  台塑化(6505) 2.22~4.39倍(自2003年掛牌起算) 17.99元  ＊以2019年Q3財報估算，每股易變現價值計算方式為總資產扣除存貨、不動產、無形資產 ，並減掉負債，再除以股本。台塑較穩健，國喬受SM中期展望不佳拖累從PB值與殖利率來看，台塑目前PB值約1.4~1.5倍，為近5年低點；台塑2019年EPS為5.86元，若以過去4年平均配息率74%估算，隱含殖利率估逾5%，而台塑過去5年殖利率約4%~5%，不過有鑒於塑化產業尚未落底，將會拉高短期市場對預期報酬率的安全邊際，而台塑目前股價則約是每股易變現價值的兩倍。台化(1326)每股易變現價值也達40元，過去20年PB值低點為1倍，目前1.2~1.3倍，已跌至10年低，台化近5年殖利率約5%~6%，目前隱含殖利率逾5%。值得注意的是，國喬PB值約0.5倍，已跌破10年低點，國喬估值持續走低，主要係因SM中期供需展望低迷，以及配息政策的穩定性問題，估算國喬2019年Q3每股易變現價值逾20元，目前股價也跌破易變現價值。MoneyDJ 新聞 2020-03-13 10:25:01 記者鄭盈芷 報導
油市供給過剩無可避免 專家認為油價大戰難以持續,2020-03-13,"華爾街日報3月12日報導，瑞士石油與金屬貿易商托克公司（Trafigura Group Pte. Ltd.）首席經濟學家拉希姆（Saad Rahim）表示，石油市場遭遇供應與需求面的雙重打擊，未來一段時間的供給過剩難免。供應面主要因為石油輸出國組織及俄羅斯等參與減產協議的產油國（OPEC+）減產協議破裂之後，沙烏地阿拉伯與阿拉伯聯合大公國都已經宣布將提高產量，兩國4月起合計將增產360萬桶/日；需求面則來自於武漢肺炎全球大流行的衝擊，主要機構都將今年石油需求增長預估下調了約每日百萬桶。渣打銀行（Standard Chartered）最新報告預估，從2020年3月到2021年8月，全球石油庫存預估將會增加將近14億桶。投資管理公司路博邁集團（Neuberger Bermann）商品投資經理卡亞（Hakan Kaya）表示，油價今年來已經大跌五成，這是市場對OPEC增產的抗議，因為全球石油需求已經因為疫情大幅萎縮，實在不需要OPEC重新擴產供應市場上不需要的原油。紐約避險基金Massar Capital Management投資長Marwan Younes表示，去年12月市場就已經知曉今年油市將會過剩，而邁入2020年之後卻發現情況越來越糟。 Macro-Advisory資深合夥人Chris Weafer認為，油價大戰是無法持續的，沙國與俄羅斯只是在比誰輸得更慘而已，兩國勢必將會有所行動來穩定油價；當然美國頁岩油也禁不起每桶30美元的油價，一些生產商的破產恐怕難以避免。分析師指出，沙國的預算平衡油價高達每桶80美元，俄羅斯也需要每桶42美元的油價來平衡預算。國際能源署署長畢羅則表示，他更為擔憂的是一些未能夠擺脫石油依賴的產油國，包括伊拉克、阿爾及利亞以及安哥拉，低油價不僅會令這些國家財政困難，社會壓力也將驟然升高。 美國能源部3月12日報告表示，2019年，美國原油出口量達到298萬桶/日，較2018年大增93萬桶/日或45%，主要是受到美國產油持續創下新高的影響；最新數據顯示，美國原油日產量達到1,300萬桶/日。美國原油的前兩大出口市場是加拿大與韓國，去年的出口量分別為45.9萬桶/日與42.6萬桶/日，分別佔美國原油出口份額的15%與14%比重。中國大陸在2018年是美國原油的第三大出口市場，但2019年美國對大陸的原油出口大減10萬桶/日至13.3萬桶/日，中國因此降為美國第七大的原油出口市場。 美國能源部3月12日公佈的每週天然氣庫存數據顯示，截至3月6日，美國天然氣庫存較前週減少480億立方英尺至2.043兆立方英尺，分析師的預估為減少560億立方英尺；相比同期的五年平均值為減少990億立方英尺，去年同期為減少1,640億立方英尺。當週美國天然氣庫存較去年同期增加63.8%，較五年同期平均值增加12.5%。 根據IHS Markit的數據，3月5日至3月11日的一週期間，美國天然氣日均供應量較前週減少1%，天然氣產量較前週持平；來自加拿大的天然氣日均進口量較前週減少20%，對墨西哥的管道天然氣出口較前週持平為55億立方英尺/日。當週美國天然氣日消費量較前週減少10%至814億立方英尺，其中發電部門的天然氣日消費量較前週減少6%至281億立方英尺，工業消費量較前週減少2%至258億立方英尺，商業/住宅的天然氣消費量較前週減少20%至275億立方英尺。 MoneyDJ 新聞 2020-03-13 10:09:11 記者黃文章 報導"
流動性吃緊 美公債交易超困難！美銀：FED需購債阻賣壓,2020-03-13,美國公債是全球最具流動性的安全資產，但是最近規模17兆美元的美債市場，流動性快速惡化，在股災時殖利率不降反升。美國銀行(Bank of America)高呼，聯準會(FED)或美國財政部必須進場購債，不然債市可能會湧現大規模平倉潮，波及其他資產。路透社、金融時報、MarketWatch 12日報導，投資人說，這個星期要交易美國公債異常困難，而且公債的買賣價差激增，讓交易成本大為提高。PGIM Fixed Income資深投資組合經理人Gregory Peters表示：「公債市場出現根本性問題，沒辦法運作…各處流動性緊縮，尤以(公債)市場最一蹋糊塗…人們被嚇壞了。」
"日經狂瀉逾1,800點！川普：東京奧運應延後1年舉辦",2020-03-13,"武漢肺炎(COVID-19)疫情持續延燒，預定7月舉行的東京奧運將如期舉行或是延後舉辦一直是市場關注的焦點，而美國總統川普首度在公開場合談及東奧議題，稱東奧應該要延後1年舉行。而川普針對東奧議題作出發言、也提高東奧延期的可能性，加上昨日(12日)歐美股市暴跌，也拖累日經225指數13日跳水慘摔。根據日經新聞網站的報價顯示，截至台北時間13日上午9點20分為止，日經225指數暴跌10.07%或跌1,868.20點至16,691.43點，為4年3個月來(2016年11月10日以來)首度跌破1.7萬點整數關卡。NHK、路透社、日經新聞等多家日本媒體報導，美國總統川普12日在白宮接受記者團採訪時表示，因武漢肺炎大流行，因此東京奧運應該要延期1年，因為比較沒有觀眾的奧運、延後舉辦會比較好。此為川普首度在公開場合談到東奧議題。川普表示，「無法想像沒有觀眾的奧運。這只是我個人的意見，東奧應該要延後一年舉辦」關於記者詢問是否會向日本首相安倍晉三建議東奧延辦，川普回應表示，「沒有這個打算。日本端應該會自行進行判斷，不過比起沒有觀眾的奧運、我(川普)覺得應該要延期比較好」。東京奧運是否如期舉行、或是延期，其決定權在於國際奧委會(IOC)。關於WHO宣布武漢肺炎為全球流行病一事，IOC主席Bach 12日表示，「將密切關注今後的動向」。日本SMBC日興證券3月6日發表試算報告指出，若武漢肺炎全球擴散情況持續至7月的話、東京奧運很有可能將被迫停辦，而一旦停辦將對日本經濟造成重大衝擊，預估日本將蒙受約7.8兆日圓的經濟損失、相當於GDP將因此減少1.4個百分點。SMBC日興證券指出，東京奧運停辦可能將產生的損失包含宣傳、運輸等大會營運費用，以及赴日旅客的餐飲、購物等觀戰相關支出，合計達6,700億日圓；另外，將日本國內消費減少、以及和中國的貿易萎縮等影響列入計算之後，預估經濟損失將達7.8兆日圓。＊編者按：本文僅供參考之用，並不構成要約、招攬或邀請、誘使、任何不論種類或形式之申述或訂立任何建議及推薦，讀者務請運用個人獨立思考能力，自行作出投資決定，如因相關建議招致損失，概與《精實財經媒體》、編者及作者無涉。MoneyDJ 新聞 2020-03-13 09:35:37 記者蔡承啟 報導"
蔡總統召開國安高層會議 提維持金融穩定/部署5方案,2020-03-13,為因應武漢肺炎疫情全球擴散帶來的經濟衝擊，總統蔡英文昨(12)日召集「國安高層會議」，並做出五項指示，要求除了落實600億防疫特別預算之外，政府各部門既有預算及基金移緩濟急，投入紓困與振興計畫，並要求全力穩健金融市場，維持匯市穩定與股市動能。蔡英文昨日召集行政院正副院長與相關部會首長、國安會秘書長和諮詢委員，召開「國安高層會議」。總統府指出，蔡英文聽取行政院及各部會應變準備後表示，因為防疫的超前部署，所以國內疫情管控良好；但因應疫情帶來的經濟衝擊，政府更必須超前部署，強化短期經濟動能，維持台灣經濟活力。蔡英文並做出五項指示，一是落實600億防疫特別預算；目前防疫與紓困振興條例已立法完成，特別預算也正由立法院進行審議，600億受衝擊產業紓困預算應確實執行。二是政府各部門既有預算及基金移緩濟急；除了600億紓困預算外，應彙整政府預算移緩濟急及各項基金的支出，如就業安定基金、觀光發展基金等，約有近400億經費可投入紓困與振興計畫。蔡英文表示，三是在最短時間落實政府部門投資與採購，加速擴大內需；請行政院清查公部門各機關及國營事業，除緊盯前瞻基礎建設計畫進度外，就公共建設、政府採購、與包含長照幼托等公共服務的部分，以及國防產業及相關採購等，加大加速進行，以最高的效率、最短的時間落實各項擴大內需計畫。四是全力協助民間加速投資，維繫經濟動能與活力；蔡英文指出，除了公部門投資加速之外，也應大力促進民間部門投資，並指示相關部會確實執行台商回流及投資台灣方案，全力協助企業排除投資障礙，維繫民間投資動能及總體經濟活力。五是全力穩健金融市場，維持匯市穩定與股市動能；蔡英文表示，國內經濟基本面尚屬良好且資金充足，為避免疫情變化造成心理面影響，請財政部、金管會、中央銀行等各部會密切觀察國際金融市場，特別是美國股市的情勢，即時因應，全力維持匯市穩定與股市動能。MoneyDJ 新聞 2020-03-13 08:45:48 記者新聞中心 報導
